category,most_common_text
–∑–¥–æ—Ä–æ–≤—å–µ,"1 –∏—é–ª—è 2024 –≥–æ–¥–∞ —Å–æ—Å—Ç–æ—è–ª—Å—è —Ä–µ–ª–∏–∑ –æ—Ç–∫—Ä—ã—Ç–æ–π –±–∏–±–ª–∏–æ—Ç–µ–∫–∏ –¥–ª—è –±—ã—Å—Ç—Ä–æ–π –æ–±—Ä–∞–±–æ—Ç–∫–∏ –¥–∞–Ω–Ω—ã—Ö Python Polars 1.0. –ò—Å—Ö–æ–¥–Ω—ã–π –∫–æ–¥ –ø—Ä–æ–µ–∫—Ç–∞ –Ω–∞–ø–∏—Å–∞–Ω –Ω–∞ Rust –∏ Python –∏ –æ–ø—É–±–ª–∏–∫–æ–≤–∞–Ω –Ω–∞ GitHub.

#—Ä–∞–∑—Ä–∞–±–æ—Ç–∫–∞"
–º–æ–¥–∞,"–ù–∞ —Ñ–æ–Ω–µ –ø—Ä–æ–≤–∞–ª—å–Ω—ã—Ö –¥–µ–±–∞—Ç–æ–≤ –¢—Ä–∞–º–ø–∞ –∏ –ë–∞–π–¥–µ–Ω–∞, –∏ —Ä–∞–∑–≥–æ–≤–æ—Ä–æ–≤ –æ —Ç–æ–º, —á—Ç–æ –¥–µ–º–æ–∫—Ä–∞—Ç—ã –∑–∞–º–µ–Ω—è—Ç –ë–∞–π–¥–µ–Ω–∞ –Ω–∞ –≤—ã–±–æ—Ä–∞—Ö, –≤ –• –≤—Å–ø–æ–º–∏–Ω–∞—é—Ç –ø—Ä–æ—Ä–æ—á–µ—Å–∫–∏–π —Ç–≤–∏—Ç –î–∂–æ–Ω–∞ –ú–∞–∫–∞—Ñ–∏.

–û–Ω –≤ 2020 –≥–æ–¥—É –æ–±–µ—â–∞–ª —á—Ç–æ ""–≤ —Å–µ–Ω—Ç—è–±—Ä–µ, –¥–µ–º–æ–∫—Ä–∞—Ç—ã —É–±–µ—Ä—É—Ç –ë–∞–π–¥–µ–Ω–∞ –∏ –≤—ã –Ω–∏–∫–æ–≥–¥–∞ –Ω–µ –ø–æ–≤–µ—Ä–∏—Ç–µ –Ω–∞ –∫–æ–≥–æ –µ–≥–æ –∑–∞–º–µ–Ω—è—Ç –±–µ–∑ –Ω–∞—Ä–æ–¥–Ω–æ–≥–æ –≥–æ–ª–æ—Å–æ–≤–∞–Ω–∏—è"".

–î–ª—è —Ç–µ—Ö –∫—Ç–æ –Ω–µ –≤ –∫—É—Ä—Å–µ, –î–∂–æ–Ω –ú–∞–∫–∞—Ñ–∏ —ç—Ç–æ –Ω–µ —Ç–æ–ª—å–∫–æ –æ—Å–Ω–æ–≤–∞—Ç–µ–ª—å McAfee, –Ω–æ –∏ —á–µ–ª–æ–≤–µ–∫ —Å –±—É—Ä–Ω–æ–π –∂–∏–∑–Ω—å—é - –æ–Ω –¥–≤–∞–∂–¥—ã –ø—ã—Ç–∞–ª—Å—è –ø–æ–π—Ç–∏ –≤ –ø—Ä–µ–∑–∏–¥–µ–Ω—Ç—ã –°–®–ê –∏ —Å—Ç–∞–ª–∫–∏–≤–∞–ª—Å—è —Å –∫—É—á–µ–π –ø–∞–ª–æ–∫ –≤ –∫–æ–ª–µ—Å–∞. –ê –ø–æ–¥ –∫–æ–Ω–µ—Ü –∂–∏–∑–Ω–∏, –Ω–∞—á–∞–ª –≤—ã–¥–∞–≤–∞—Ç—å –∏–Ω—Å–∞–π–¥—ã –æ –º–∏—Ä–æ–≤–æ–º –ø—Ä–∞–≤–∏—Ç–µ–ª—å—Å—Ç–≤–µ –∏ –ø—Ä–µ–¥—É–ø—Ä–µ–∂–¥–∞–ª —á—Ç–æ –Ω–µ –ø–ª–∞–Ω–∏—Ä—É–µ—Ç —Å–≤–æ–¥–∏—Ç—å —Å—á–µ—Ç—ã —Å –∂–∏–∑–Ω—å—é.

–î–∂–æ–Ω –ú–∞–∫–∞—Ñ–∏ —É–º–µ—Ä –≤ —Ç—é—Ä—å–º–µ –∑–∞ –Ω–µ—Å–∫–æ–ª—å–∫–æ —á–∞—Å–æ–≤ –¥–æ —Ä–µ—à–µ–Ω–∏—è —Å—É–¥–∞ –ø–æ —ç–∫—Å—Ç—Ä–∞–¥–∏—Ü–∏–∏ –≤ –°–®–ê. –í–µ—Ä–¥–∏–∫—Ç –º–µ–¥–∏—Ü–∏–Ω—Å–∫–æ–π –∫–æ–º–∏—Å—Å–∏–∏ - ""—Å–≤–µ–ª —Å—á–µ—Ç—ã —Å –∂–∏–∑–Ω—å—é""."
–æ–±—Ä–∞–∑–æ–≤–∞–Ω–∏–µ,"üá∑üá∫ –†–æ—Å—Å–∏–π—Å–∫–∏–π —Ä—ã–Ω–æ–∫ –∞–∫—Ü–∏–π –æ—Ç–∫—Ä—ã–ª—Å—è —Ä–æ—Å—Ç–æ–º –∏–Ω–¥–µ–∫—Å–æ–≤ –ú–æ—Å–ë–∏—Ä–∂–∏ –∏ –†–¢–° –Ω–∞ 0,3%

–í–æ –≤—Ç–æ—Ä–Ω–∏–∫ —Ç–æ—Ä–≥–∏ –Ω–∞ —Ä–æ—Å—Å–∏–π—Å–∫–æ–º —Ä—ã–Ω–∫–µ –∞–∫—Ü–∏–π –æ—Ç–∫—Ä—ã–ª–∏—Å—å –ø—Ä–æ–¥–æ–ª–∂–µ–Ω–∏–µ–º —Ä–æ—Å—Ç–∞ –Ω–∞ —Ñ–æ–Ω–µ —É–ª—É—á—à–µ–Ω–∏—è –≤–Ω–µ—à–Ω–µ–π —Ñ–æ–Ω–¥–æ–≤–æ–π –∫–æ–Ω—ä—é–Ω–∫—Ç—É—Ä—ã –∏ –¥–æ—Ä–æ–∂–∞—é—â–µ–π –Ω–µ—Ñ—Ç–∏ (—Ü–µ–Ω–∞ Brent –ø–æ–¥–Ω—è–ª–∞—Å—å –∫ $86,8 –∑–∞ –±–∞—Ä—Ä–µ–ª—å); –∏–Ω–¥–µ–∫—Å—ã –ú–æ—Å–ë–∏—Ä–∂–∏ –∏ –†–¢–° –∑–∞ –º–∏–Ω—É—Ç—É —Ç–æ—Ä–≥–æ–≤ –≤—ã—Ä–æ—Å–ª–∏ –Ω–∞ 0,3% –≤–æ –≥–ª–∞–≤–µ —Å –∫–æ—Ç–∏—Ä–æ–≤–∫–∞–º–∏ ""–ì–∞–∑–ø—Ä–æ–º–∞"".

–ö 10:01 –∏–Ω–¥–µ–∫—Å –ú–æ—Å–ë–∏—Ä–∂–∏ –≤—ã—Ä–æ—Å –Ω–∞ 0,3% –¥–æ 3195,82 –ø—É–Ω–∫—Ç–∞, –∏–Ω–¥–µ–∫—Å –†–¢–° –≤—ã—Ä–æ—Å –Ω–∞ 0,3% –¥–æ 1153,25 –ø—É–Ω–∫—Ç–∞; –¥–∏–Ω–∞–º–∏–∫–∞ —Ü–µ–Ω blue chips –Ω–∞ ""–ú–æ—Å–±–∏—Ä–∂–µ"" - —Å–º–µ—à–∞–Ω–Ω–∞—è –≤ –ø—Ä–µ–¥–µ–ª–∞—Ö 1,3%.

–û—Ñ–∏—Ü–∏–∞–ª—å–Ω—ã–π –∫—É—Ä—Å –¥–æ–ª–ª–∞—Ä–∞ –°–®–ê, —É—Å—Ç–∞–Ω–æ–≤–ª–µ–Ω–Ω—ã–π –ë–∞–Ω–∫–æ–º –†–æ—Å—Å–∏–∏ —Å–æ 2 –∏—é–ª—è, —Å–æ—Å—Ç–∞–≤–∏–ª 87,2972 —Ä—É–±–ª—è (+1,5492 —Ä—É–±–ª—è).

@ifax_go"
–∏–Ω—Ü–∏–¥–µ–Ω—Ç—ã –∏ –∫–∞—Ç–∞—Å—Ç—Ä–æ—Ñ—ã,"–ê–∫—Ü–∏–æ–Ω–µ—Ä—ã ""–õ–µ–Ω–∑–æ–ª–æ—Ç–∞"" —É—Ç–≤–µ—Ä–¥–∏–ª–∏ –¥–∏–≤–∏–¥–µ–Ω–¥—ã-2023 –≤ —Ä–∞–∑–º–µ—Ä–µ 21,42 —Ä—É–±–ª—è –Ω–∞ ""–ø—Ä–µ—Ñ""

–ê–∫—Ü–∏–æ–Ω–µ—Ä—ã –ü–ê–û ""–õ–µ–Ω–∑–æ–ª–æ—Ç–æ"" —É—Ç–≤–µ—Ä–¥–∏–ª–∏ –¥–∏–≤–∏–¥–µ–Ω–¥—ã –∑–∞ 2023 –≥–æ–¥ –≤ —Ä–∞–∑–º–µ—Ä–µ 21,42 —Ä—É–±–ª—è –Ω–∞ –ø—Ä–∏–≤–∏–ª–µ–≥–∏—Ä–æ–≤–∞–Ω–Ω—É—é –∞–∫—Ü–∏—é, –¥–∏–≤–∏–¥–µ–Ω–¥—ã –Ω–∞ –æ–±—ã–∫–Ω–æ–≤–µ–Ω–Ω—ã–µ –∞–∫—Ü–∏–∏ –≤—ã–ø–ª–∞—á–∏–≤–∞—Ç—å—Å—è –Ω–µ –±—É–¥—É—Ç, —Å–æ–æ–±—â–∏–ª–∞ –∫–æ–º–ø–∞–Ω–∏—è.

–í –æ–±—â–µ–π —Å–ª–æ–∂–Ω–æ—Å—Ç–∏ –≤—ã–ø–ª–∞—Ç—ã —Å–æ—Å—Ç–∞–≤—è—Ç 7,4 –º–ª–Ω —Ä—É–±–ª–µ–π. –≠—Ç–æ –ø–æ–ª–Ω–æ—Å—Ç—å—é —Å–æ–æ—Ç–≤–µ—Ç—Å—Ç–≤—É–µ—Ç —É—Å—Ç–∞–≤—É ""–õ–µ–Ω–∑–æ–ª–æ—Ç–∞"", –ø–æ –∫–æ—Ç–æ—Ä–æ–º—É –¥–∏–≤–∏–¥–µ–Ω–¥—ã –Ω–∞ –ø—Ä–∏–≤–∏–ª–µ–≥–∏—Ä–æ–≤–∞–Ω–Ω—ã–µ –∞–∫—Ü–∏–∏ –¥–æ–ª–∂–Ω—ã —Å–æ—Å—Ç–∞–≤–ª—è—Ç—å –Ω–µ –º–µ–Ω–µ–µ 6,9% –æ—Ç –≥–æ–¥–æ–≤–æ–π —á–∏—Å—Ç–æ–π –ø—Ä–∏–±—ã–ª–∏ –ø–æ –†–°–ë–£.

–î–∞—Ç–æ–π, –Ω–∞ –∫–æ—Ç–æ—Ä—É—é –æ–ø—Ä–µ–¥–µ–ª—è—é—Ç—Å—è –ª–∏—Ü–∞, –∏–º–µ—é—â–∏–µ –ø—Ä–∞–≤–æ –Ω–∞ –ø–æ–ª—É—á–µ–Ω–∏–µ –¥–∏–≤–∏–¥–µ–Ω–¥–æ–≤, —É—Å—Ç–∞–Ω–æ–≤–ª–µ–Ω–æ 9 –∏—é–ª—è.

@ifax_go"
—Å–ø–æ—Ä—Ç,"–ê—ç—Ä–æ–ø–æ—Ä—Ç –ñ–µ–Ω–µ–≤—ã 25 –∏—é–Ω—è –Ω–µ –ø—Ä–∏–Ω–∏–º–∞–ª –∏ –Ω–µ –æ—Ç–ø—Ä–∞–≤–ª—è–ª —Ä–µ–π—Å—ã –∏–∑-–∑–∞ –ø–æ–¥—Ç–æ–ø–ª–µ–Ω–∏—è –¶–û–î –∞—ç—Ä–æ–Ω–∞–≤–∏–≥–∞—Ü–∏–æ–Ω–Ω–æ–π —Å–ª—É–∂–±—ã Skyguide. –ï–≥–æ –≤—ã–∑–≤–∞–ª–∏ –ª–∏–≤–Ω–∏.

#–¢–µ—Ö–Ω–∏—á–µ—Å–∫–∏–µ–®–æ–∫–æ–ª–∞–¥–∫–∏ #—Ç—Ä–∞–Ω—Å–ø–æ—Ä—Ç"
–ø–æ–ª–∏—Ç–∏–∫–∞,"‚Äã–î–æ —á–µ–≥–æ –¥–æ—à–µ–ª –ø—Ä–æ–≥—Ä–µ—Å—Å: –¥–≤—É–Ω–æ–≥–∏–π –∑–≤–æ–Ω–∏—Ç —Å–≤–æ–µ–º—É –ø—É—à–∏—Å—Ç–æ–º—É —Ö–æ–∑—è–∏–Ω—É, —á—Ç–æ–±—ã —Ç–æ—Ç –Ω–µ —Å–∫—É—á–∞–ª –æ–¥–∏–Ω –¥–æ–º–∞. –ù–æ –µ—Å—Ç—å –Ω—é–∞–Ω—Å: –∑–≤–æ–Ω–æ–∫ –ø—Ä–æ–∏—Å—Ö–æ–¥–∏—Ç —á–µ—Ä–µ–∑ —Ä–æ–±–æ—Ç-–ø—ã–ª–µ—Å–æ—Å.

#—Ç–µ—Ö–Ω–∏–∫–∞ #–ª—é–¥–∏ #–ù–µ–æ–∂–∏–¥–∞–Ω–Ω—ã–π–ö—Ä–æ—Å—Å–æ–≤–µ—Ä"
—ç–∫–æ–Ω–æ–º–∏–∫–∞,"üîÆ –î–∞–π–¥–∂–µ—Å—Ç –∏–Ω–≤–µ—Å—Ç–ø—Ä–æ–≥–Ω–æ–∑–æ–≤:

üîπ  –ë–ö–° –≠–∫—Å–ø—Ä–µ—Å—Å: –ù–µ—Å–º–æ—Ç—Ä—è –Ω–∞ –ø–æ—Ç–µ—Ä–∏ —Ä—ã–Ω–∫–∞ –∑–∞ –º–µ—Å—è—Ü, –≤—ã–∫—É–ø –≥–ª—É–±–æ–∫–æ–π –ø—Ä–æ—Å–∞–¥–∫–∏ –æ–±–Ω–∞–¥–µ–∂–∏–≤–∞–µ—Ç –∏ –ø—Ä–µ–¥–ø–æ–ª–∞–≥–∞–µ—Ç —Ç–µ—Ö–Ω–∏—á–µ—Å–∫–æ–µ —Ä–∞–∑–≤–∏—Ç–∏–µ –∏–Ω–¥–µ–∫—Å–∞ –ú–æ—Å–±–∏—Ä–∂–∏ –≤–≤–µ—Ä—Ö. –°–ª–µ–¥—É—é—â–∏–π –æ—Ä–∏–µ–Ω—Ç–∏—Ä –Ω–∞ 3225 –ø—É–Ω–∫—Ç–∞—Ö - —ç—Ç–æ +2% –æ—Ç —Ç–µ–∫—É—â–∏—Ö.

üîπ  –ü—Ä–æ–º—Å–≤—è–∑—å–±–∞–Ω–∫: –§–∞–∫—Ç–æ—Ä–æ–≤ –¥–ª—è –ø—Ä–æ–¥–æ–ª–∂–µ–Ω–∏—è –≤–æ—Å—Å—Ç–∞–Ω–æ–≤–ª–µ–Ω–∏—è –∫–æ—Ç–∏—Ä–æ–≤–æ–∫ —Ä—É–±–ª–µ–≤—ã—Ö –≥–æ—Å–æ–±–ª–∏–≥–∞—Ü–∏–π –Ω–∞ —Ä—ã–Ω–∫–µ –ø–æ–∫–∞ –Ω–µ—Ç.

üîπ  –û—Ç–∫—Ä—ã–≤–∞—Ç—å —Å–ø–µ–∫—É–ª—è—Ç–∏–≤–Ω—ã–µ –ø–æ–∑–∏—Ü–∏–∏ –ø—Ä–æ—Ç–∏–≤ —Ä—É–±–ª—è –ø–æ–∫–∞ –µ—â–µ —Ä–∏—Å–∫–æ–≤–∞–Ω–Ω–æ - ""–ê–ª–æ—Ä –ë—Ä–æ–∫–µ—Ä"".

üîπ  –ë–∞–Ω–∫ ""–†—É—Å—Å–∫–∏–π –°—Ç–∞–Ω–¥–∞—Ä—Ç"": –í–µ—Ä–æ—è—Ç–Ω–æ —É–∫—Ä–µ–ø–ª–µ–Ω–∏–µ —Ä—É–±–ª—è –¥–æ 84-88 —Ä—É–±./$1 –≤–≤–∏–¥—É –æ–∫–æ–Ω—á–∞–Ω–∏—è –ø–µ—Ä–∏–æ–¥–∞ –Ω–∞–ª–æ–≥–æ–≤—ã—Ö –ø–ª–∞—Ç–µ–∂–µ–π –∏ —Å–æ–∫—Ä–∞—â–µ–Ω–∏—è –±–∞–ª–∞–Ω—Å–∏—Ä—É—é—â–∏—Ö –æ–ø–µ—Ä–∞—Ü–∏–π —Å–æ —Å—Ç–æ—Ä–æ–Ω—ã –¶–ë.

üîπ  –ü—Ä–æ–º—Å–≤—è–∑—å–±–∞–Ω–∫: –ö—É—Ä—Å –≤–∞–ª—é—Ç–Ω–æ–π –ø–∞—Ä—ã —é–∞–Ω—å/—Ä—É–±–ª—å –º–æ–∂–µ—Ç —Å–º–µ—Å—Ç–∏—Ç—å—Å—è –∫ –±–æ–ª–µ–µ –≤—ã—Å–æ–∫–∏–º —É—Ä–æ–≤–Ω—è–º –Ω–∞ —Ç–µ–∫—É—â–µ–π –Ω–µ–¥–µ–ª–µ - –≤ —Ä–∞–π–æ–Ω 12 —Ä—É–±–ª–µ–π –∑–∞ —é–∞–Ω—å. 

üîπ  –§—É–Ω–¥–∞–º–µ–Ω—Ç–∞–ª—å–Ω–æ —Å—É—â–µ—Å—Ç–≤–µ–Ω–Ω—ã—Ö –∏–∑–º–µ–Ω–µ–Ω–∏–π –≤ –∫–∞—Ä—Ç–∏–Ω–µ –∫–æ—Ç–∏—Ä–æ–≤–æ–∫ –∑–æ–ª–æ—Ç–∞ –≤ –Ω–∞—Å—Ç–æ—è—â–µ–µ –≤—Ä–µ–º—è –Ω–µ—Ç, –≥–æ–≤–æ—Ä–∏—Ç—Å—è –≤ –º–∞—Ç–µ—Ä–∏–∞–ª–µ ""–§–∏–Ω–∞–º–∞"".

üîπ  –í–æ–∑–æ–±–Ω–æ–≤–ª–µ–Ω–∏–µ —ç–∫—Å–ø–æ—Ä—Ç–∞ –±–µ–Ω–∑–∏–Ω–∞ –≤ –∏—é–ª–µ –ø–æ–∑–∏—Ç–∏–≤–Ω–æ –¥–ª—è –≤–µ—Ä—Ç–∏–∫–∞–ª—å–Ω–æ –∏–Ω—Ç–µ–≥—Ä–∏—Ä–æ–≤–∞–Ω–Ω—ã—Ö –Ω–µ—Ñ—Ç—è–Ω—ã—Ö –∫–æ–º–ø–∞–Ω–∏–π –†–§, –∏ –≤ –ø–µ—Ä–≤—É—é –æ—á–µ—Ä–µ–¥—å –¥–ª—è —Ç–∞–∫–∏—Ö —ç–∫—Å–ø–æ—Ä—Ç–µ—Ä–æ–≤, –∫–∞–∫ ""–°—É—Ä–≥—É—Ç–Ω–µ—Ñ—Ç–µ–≥–∞–∑"" , ""–õ–£–ö–û–ô–õ"" , ""–ì–∞–∑–ø—Ä–æ–º –Ω–µ—Ñ—Ç—å"" –∏ ""–†–æ—Å–Ω–µ—Ñ—Ç—å"" , —Å—á–∏—Ç–∞—é—Ç –≤ –ê–ª—å—Ñ–∞-–±–∞–Ω–∫–µ.

üîπ  –ò–Ω–¥–µ–∫—Å–∞—Ü–∏—è —Ä–µ–≥—É–ª–∏—Ä—É–µ–º—ã—Ö —ç–Ω–µ—Ä–≥–æ—Ç–∞—Ä–∏—Ñ–æ–≤ –ø–æ–∑–≤–æ–ª–∏—Ç —Ä—è–¥—É –≥–µ–Ω–µ—Ä–∏—Ä—É—é—â–∏—Ö –∫–æ–º–ø–∞–Ω–∏–π –†–§ –ø–æ–≤—ã—Å–∏—Ç—å –ø—Ä–∏–±—ã–ª–∏ –∏, –∫–∞–∫ —Å–ª–µ–¥—Å—Ç–≤–∏–µ, –¥–∏–≤–∏–¥–µ–Ω–¥–Ω—ã–µ –≤—ã–ø–ª–∞—Ç—ã, –ø–æ–ª–∞–≥–∞—é—Ç –≤ ""–ë–ö–° –ú–∏—Ä –∏–Ω–≤–µ—Å—Ç–∏—Ü–∏–∏"".

üîπ  –§–∏–Ω–∞–º"" –æ—Ç–∫—Ä—ã–ª —Ç–æ—Ä–≥–æ–≤—É—é –∏–¥–µ—é ""–ø–æ–∫—É–ø–∞—Ç—å –∞–∫—Ü–∏–∏ –ê–§–ö ""–°–∏—Å—Ç–µ–º–∞"" —Å —Ü–µ–ª—å—é 27 —Ä—É–±–ª–µ–π –∑–∞ —à—Ç—É–∫—É"" —Å –≥–æ—Ä–∏–∑–æ–Ω—Ç–æ–º –∏–Ω–≤–µ—Å—Ç–∏—Ä–æ–≤–∞–Ω–∏—è 3-4 –Ω–µ–¥–µ–ª–∏. –¶–µ–Ω–∞ –≤—Ö–æ–¥–∞: —Ç–µ–∫—É—â–∞—è —Ä—ã–Ω–æ—á–Ω–∞—è, –ø–æ—Ç–µ–Ω—Ü–∏–∞–ª—å–Ω–∞—è –¥–æ—Ö–æ–¥–Ω–æ—Å—Ç—å: 13,56%, —Å—Ç–æ–ø-–ø—Ä–∏–∫–∞–∑: 22,62 —Ä—É–±–ª—è.

üîπ  –ê–Ω–∞–ª–∏—Ç–∏–∫–∏ —Å–µ—Ä–≤–∏—Å–∞ –ì–∞–∑–ø—Ä–æ–º–±–∞–Ω–∫ –ò–Ω–≤–µ—Å—Ç–∏—Ü–∏–∏ –ø–æ–ª–æ–∂–∏—Ç–µ–ª—å–Ω–æ –æ—Ü–µ–Ω–∏–≤–∞–µ—Ç –ø–µ—Ä—Å–ø–µ–∫—Ç–∏–≤—ã –∏–Ω–¥–µ–∫—Å–∞ –ú–æ—Å–±–∏—Ä–∂–∏ –Ω–∞ –≥–æ—Ä–∏–∑–æ–Ω—Ç–µ –¥–≤—É—Ö –ª–µ—Ç, –Ω–µ—Å–º–æ—Ç—Ä—è –Ω–∞ —Ç—Ä–∞–Ω—Å—Ñ–æ—Ä–º–∞—Ü–∏—é –Ω–∞–ª–æ–≥–æ–≤–æ–π —Å–∏—Å—Ç–µ–º—ã –∏ —Ä–æ—Å—Ç –ø—Ä–æ—Ü–µ–Ω—Ç–Ω—ã—Ö —Å—Ç–∞–≤–æ–∫.

üîπ  ""–ë–ö–° –ú–∏—Ä –∏–Ω–≤–µ—Å—Ç–∏—Ü–∏–π"" (""–ë–ö–° –ú–ò"") –ø–æ–∫–∞ —Å–æ—Ö—Ä–∞–Ω—è–µ—Ç –Ω–µ–π—Ç—Ä–∞–ª—å–Ω—É—é –æ—Ü–µ–Ω–∫—É —Ä–æ—Å—Å–∏–π—Å–∫–æ–≥–æ —Ä—ã–Ω–∫–∞ –∞–∫—Ü–∏–π –∏–∑-–∑–∞ –ø–æ–≤—ã—à–µ–Ω–Ω—ã—Ö –≥–µ–æ–ø–æ–ª–∏—Ç–∏—á–µ—Å–∫–∏—Ö —Ä–∏—Å–∫–æ–≤.

üîπ  ""–í–µ–ª–µ—Å –ö–∞–ø–∏—Ç–∞–ª"" —Å–æ—Ö—Ä–∞–Ω—è–µ—Ç —Ä–µ–∫–æ–º–µ–Ω–¥–∞—Ü–∏—é ""–ø–æ–∫—É–ø–∞—Ç—å"" –¥–ª—è –∞–∫—Ü–∏–π ""–†–µ–Ω–µ—Å—Å–∞–Ω—Å —Å—Ç—Ä–∞—Ö–æ–≤–∞–Ω–∏–µ"" —Å –ø—Ä–æ–≥–Ω–æ–∑–Ω–æ–π —Å—Ç–æ–∏–º–æ—Å—Ç—å—é 134 —Ä—É–±–ª—è –∑–∞ —à—Ç—É–∫—É, —á—Ç–æ –ø—Ä–µ–¥–ø–æ–ª–∞–≥–∞–µ—Ç –ø–æ—Ç–µ–Ω—Ü–∏–∞–ª —Ä–æ—Å—Ç–∞ 37% –æ—Ç —Ç–µ–∫—É—â–µ–≥–æ —É—Ä–æ–≤–Ω—è.

#—ç–∫—Å–ø–µ—Ä—Ç—ã–æ—Ç–º–µ—á–∞—é—Ç #–ø—Ä–æ–≥–Ω–æ–∑
@ifax_go"
—Ç–µ—Ö–Ω–æ–ª–æ–≥–∏–∏,"–¶–ë –Ω–µ —É–≤–∏–¥–µ–ª –≤ –¥–µ–π—Å—Ç–≤–∏—è—Ö ""–¶–∏—Ñ—Ä–∞ –±—Ä–æ–∫–µ—Ä"" –≤ —è–Ω–≤–∞—Ä–µ –º–∞–Ω–∏–ø—É–ª–∏—Ä–æ–≤–∞–Ω–∏—è —Ü–µ–Ω–æ–π –∞–∫—Ü–∏–π –°–ü–ë –±–∏—Ä–∂–∏

–ë–∞–Ω–∫ –†–æ—Å—Å–∏–∏ –∏–∑—É—á–∏–ª –æ–±—Å—Ç–æ—è—Ç–µ–ª—å—Å—Ç–≤–∞ –∏–Ω—Ñ–æ—Ä–º–∏—Ä–æ–≤–∞–Ω–∏—è –û–û–û ""–¶–∏—Ñ—Ä–∞ –±—Ä–æ–∫–µ—Ä"" 29 —è–Ω–≤–∞—Ä—è 2024 –≥–æ–¥–∞ —Å–≤–æ–∏—Ö –∫–ª–∏–µ–Ω—Ç–æ–≤ –æ –ø—Ä–µ–∫—Ä–∞—â–µ–Ω–∏–∏ —Ç–æ—Ä–≥–æ–≤—ã—Ö –æ–ø–µ—Ä–∞—Ü–∏–π –Ω–∞ –°–ü–ë –±–∏—Ä–∂–µ —Å 30 —è–Ω–≤–∞—Ä—è, —Å–ø—Ä–æ–≤–æ—Ü–∏—Ä–æ–≤–∞–≤—à–µ–≥–æ —Å–Ω–∏–∂–µ–Ω–∏–µ –∞–∫—Ü–∏–π –±–∏—Ä–∂–∏, –Ω–µ —É—Å–º–æ—Ç—Ä–µ–ª –≤ –¥–µ–π—Å—Ç–≤–∏—è—Ö –±—Ä–æ–∫–µ—Ä–∞ –∏ –°–ú–ò —É–º—ã—Å–ª–∞ –Ω–∞ —Å–æ–≤–µ—Ä—à–µ–Ω–∏–µ –º–∞–Ω–∏–ø—É–ª–∏—Ä–æ–≤–∞–Ω–∏—è —Ü–µ–Ω–æ–π –∞–∫—Ü–∏–π, –≥–æ–≤–æ—Ä–∏—Ç—Å—è –≤ —Å–æ–æ–±—â–µ–Ω–∏–∏ —Ä–µ–≥—É–ª—è—Ç–æ—Ä–∞.

–¶–ë –†–§ —Ä–µ–∫–æ–º–µ–Ω–¥—É–µ—Ç —É—á–∞—Å—Ç–Ω–∏–∫–∞–º —Ñ–∏–Ω–∞–Ω—Å–æ–≤–æ–≥–æ —Ä—ã–Ω–∫–∞ –ø—Ä–æ—è–≤–ª—è—Ç—å –æ—Å–º–æ—Ç—Ä–∏—Ç–µ–ª—å–Ω–æ—Å—Ç—å –ø—Ä–∏ —Ä–∞—Å–ø—Ä–æ—Å—Ç—Ä–∞–Ω–µ–Ω–∏–∏ –∏–Ω—Ñ–æ—Ä–º–∞—Ü–∏–∏, –∑–∞—Ç—Ä–∞–≥–∏–≤–∞—é—â–µ–π –ø—Ä–∞–≤–∞ –∏ –∑–∞–∫–æ–Ω–Ω—ã–µ –∏–Ω—Ç–µ—Ä–µ—Å—ã –∏–Ω–≤–µ—Å—Ç–æ—Ä–æ–≤. –°–æ–æ–±—â–µ–Ω–∏—è, –∞–¥—Ä–µ—Å–æ–≤–∞–Ω–Ω—ã–µ –∫–ª–∏–µ–Ω—Ç–∞–º, –¥–æ–ª–∂–Ω—ã —Å–æ–¥–µ—Ä–∂–∞—Ç—å —Ç–æ—á–Ω—ã–µ —Ñ–æ—Ä–º—É–ª–∏—Ä–æ–≤–∫–∏, –∏—Å—á–µ—Ä–ø—ã–≤–∞—é—â–∏–µ —Å–≤–µ–¥–µ–Ω–∏—è –∏ –∏—Å–∫–ª—é—á–∞—Ç—å –ø—Ä–µ–¥–ø–æ—Å—ã–ª–∫–∏ –¥–ª—è –Ω–µ–≤–µ—Ä–Ω–æ–≥–æ –∏–ª–∏ –¥–≤—É—Å–º—ã—Å–ª–µ–Ω–Ω–æ–≥–æ —Ç—Ä–∞–∫—Ç–æ–≤–∞–Ω–∏—è.

–†–µ–≥—É–ª—è—Ç–æ—Ä –æ–±—Ä–∞—â–∞–µ—Ç –≤–Ω–∏–º–∞–Ω–∏–µ, —á—Ç–æ –Ω–µ–∫–æ—Ä—Ä–µ–∫—Ç–Ω–∞—è –∏–Ω—Ñ–æ—Ä–º–∞—Ü–∏—è –æ–∫–∞–∑—ã–≤–∞–µ—Ç –Ω–µ–≥–∞—Ç–∏–≤–Ω–æ–µ –≤–ª–∏—è–Ω–∏–µ –Ω–∞ —Å–æ—Å—Ç–æ—è–Ω–∏–µ —Ñ–∏–Ω–∞–Ω—Å–æ–≤–æ–≥–æ —Ä—ã–Ω–∫–∞, –≤–≤–æ–¥–∏—Ç –≤ –∑–∞–±–ª—É–∂–¥–µ–Ω–∏–µ –∏–Ω–≤–µ—Å—Ç–æ—Ä–æ–≤ –∏ —Å–æ–∑–¥–∞–µ—Ç —Ä–∏—Å–∫ –º–∞–Ω–∏–ø—É–ª–∏—Ä–æ–≤–∞–Ω–∏—è —Ä—ã–Ω–∫–æ–º. –ù–∞—Ä—É—à–µ–Ω–∏–µ –∑–∞–ø—Ä–µ—Ç–æ–≤ –Ω–∞ –º–∞–Ω–∏–ø—É–ª–∏—Ä–æ–≤–∞–Ω–∏–µ —Ä—ã–Ω–∫–æ–º, –≤ —Ç–æ–º —á–∏—Å–ª–µ –ø—É—Ç–µ–º —É–º—ã—à–ª–µ–Ω–Ω–æ–≥–æ —Ä–∞—Å–ø—Ä–æ—Å—Ç—Ä–∞–Ω–µ–Ω–∏—è –∑–∞–≤–µ–¥–æ–º–æ –ª–æ–∂–Ω—ã—Ö —Å–≤–µ–¥–µ–Ω–∏–π, –≤–ª–µ—á–µ—Ç –∑–∞ —Å–æ–±–æ–π –æ—Ç–≤–µ—Ç—Å—Ç–≤–µ–Ω–Ω–æ—Å—Ç—å –≤ —Å–æ–æ—Ç–≤–µ—Ç—Å—Ç–≤–∏–∏ —Å –¥–µ–π—Å—Ç–≤—É—é—â–∏–º –∑–∞–∫–æ–Ω–æ–¥–∞—Ç–µ–ª—å—Å—Ç–≤–æ–º, –≤–∫–ª—é—á–∞—è —É–≥–æ–ª–æ–≤–Ω—É—é.

@ifax_go"
