Title,Content,Published At,Source,URL,Category,clean_text,message_channel,summary
"üí´ ""Uber"" –≤ —Ä–æ—Å—Å–∏–π—Å–∫–æ–π –Ω–µ–¥–≤–∏–∂–∏–º–æ—Å—Ç–∏ ‚Äî –∫—Ç–æ —Å—Ç–∞–Ω–µ—Ç –ø–µ—Ä–≤—ã–º IT-–µ–¥–∏–Ω–æ—Ä–æ–≥–æ–º –≤ —Ä–æ—Å—Å–∏–π—Å–∫–æ–º –ü—Ä–æ–ø–¢–µ—Ö–µ? #–∞–Ω–∞–ª–∏—Ç–∏–∫–∞","üí´ ""Uber"" –≤ —Ä–æ—Å—Å–∏–π—Å–∫–æ–π –Ω–µ–¥–≤–∏–∂–∏–º–æ—Å—Ç–∏ ‚Äî –∫—Ç–æ —Å—Ç–∞–Ω–µ—Ç –ø–µ—Ä–≤—ã–º IT-–µ–¥–∏–Ω–æ—Ä–æ–≥–æ–º –≤ —Ä–æ—Å—Å–∏–π—Å–∫–æ–º –ü—Ä–æ–ø–¢–µ—Ö–µ? #–∞–Ω–∞–ª–∏—Ç–∏–∫–∞

–ö 2030 –≥–æ–¥—É 40% –ø–æ–∫—É–ø–æ–∫ –∂–∏–ª—å—è –±—É–¥—É—Ç –æ—Å—É—â–µ—Å—Ç–≤–ª—è—Ç—å –ø–æ–∫–æ–ª–µ–Ω–∏—è Z –∏ –ê–ª—å—Ñ–∞, –∫–æ—Ç–æ—Ä—ã–µ –∏—â—É—Ç –≥–æ—Ç–æ–≤—ã–µ —Ä–µ—à–µ–Ω–∏—è - ""–∑–∞–µ–∑–∂–∞–π –∏ –∂–∏–≤–∏"".

–ö—Ç–æ –æ—Ä–≥–∞–Ω–∏–∑—É–µ—Ç 350 —Ç—ã—Å—è—á —Ä–∏—ç–ª—Ç–æ—Ä–æ–≤, 2 –º–ª–Ω —Ä–µ–º–æ–Ω—Ç–Ω–∏–∫–æ–≤, 8000 —Ñ–ª–∏–ø–ø–µ—Ä–æ–≤, 2400 –∑–∞—Å—Ç—Ä–æ–π—â–∏–∫–æ–≤ –∏ —Å–æ–∑–¥–∞—Å—Ç ""Uber"" –≤ —Ä–æ—Å—Å–∏–π—Å–∫–æ–π –Ω–µ–¥–≤–∏–∂–∏–º–æ—Å—Ç–∏ —Å –∫–∞–ø–∏—Ç–∞–ª–∏–∑–∞—Ü–∏–µ–π 1 —Ç—Ä–ª–Ω —Ä—É–±–ª–µ–π?

–ù–∞—à–∏ –∞–Ω–∞–ª–∏—Ç–∏—á–µ—Å–∫–∏–µ –ø–∞—Ä—Ç–Ω—ë—Ä—ã –∏–∑ PFL Advisors –ø–æ–¥–µ–ª–∏–ª–∏—Å—å –æ–±–Ω–æ–≤–ª—ë–Ω–Ω—ã–º –æ–±–∑–æ—Ä–æ–º —Ä—ã–Ω–∫–∞ –ü—Ä–æ–ø–¢–µ—Ö (—Å–º. –∫–∞—Ä—Ç–æ—á–∫–∏ –≤ –Ω–∞—á–∞–ª–µ –ø–æ—Å—Ç–∞).

üëâ –ü–æ–ª–Ω—É—é –ø—Ä–µ–∑–µ–Ω—Ç–∞—Ü–∏—é –º—ã —Å –≤–∞–º–∏ –º–æ–∂–µ–º –Ω–∞–π—Ç–∏ –∑–¥–µ—Å—å: https://t.me/AK47pfl/17910

üòÄ @AK47pfl",2024-07-02T15:35:43+00:00,–†—ã–Ω–∫–∏–î–µ–Ω—å–≥–∏–í–ª–∞—Å—Ç—å | –†–î–í,https://t.me/AK47pfl/17923,—Ç–µ—Ö–Ω–æ–ª–æ–≥–∏–∏,uber —Ä–æ—Å—Å–∏–π—Å–∫–æ–π –Ω–µ–¥–≤–∏–∂–∏–º–æ—Å—Ç–∏ —Å—Ç–∞–Ω–µ—Ç –ø–µ—Ä–≤—ã–º it–µ–¥–∏–Ω–æ—Ä–æ–≥–æ–º —Ä–æ—Å—Å–∏–π—Å–∫–æ–º –ø—Ä–æ–ø—Ç–µ—Ö–µ –∞–Ω–∞–ª–∏—Ç–∏–∫–∞ 2030 –≥–æ–¥—É 40 –ø–æ–∫—É–ø–æ–∫ –∂–∏–ª—å—è –±—É–¥—É—Ç –æ—Å—É—â–µ—Å—Ç–≤–ª—è—Ç—å –ø–æ–∫–æ–ª–µ–Ω–∏—è z –∞–ª—å—Ñ–∞ –∫–æ—Ç–æ—Ä—ã–µ –∏—â—É—Ç –≥–æ—Ç–æ–≤—ã–µ —Ä–µ—à–µ–Ω–∏—è –∑–∞–µ–∑–∂–∞–π –∂–∏–≤–∏ –æ—Ä–≥–∞–Ω–∏–∑—É–µ—Ç 350 —Ç—ã—Å—è—á —Ä–∏—ç–ª—Ç–æ—Ä–æ–≤ 2 –º–ª–Ω —Ä–µ–º–æ–Ω—Ç–Ω–∏–∫–æ–≤ 8000 —Ñ–ª–∏–ø–ø–µ—Ä–æ–≤ 2400 –∑–∞—Å—Ç—Ä–æ–π—â–∏–∫–æ–≤ —Å–æ–∑–¥–∞—Å—Ç uber —Ä–æ—Å—Å–∏–π—Å–∫–æ–π –Ω–µ–¥–≤–∏–∂–∏–º–æ—Å—Ç–∏ –∫–∞–ø–∏—Ç–∞–ª–∏–∑–∞—Ü–∏–µ–π 1 —Ç—Ä–ª–Ω —Ä—É–±–ª–µ–π –Ω–∞—à–∏ –∞–Ω–∞–ª–∏—Ç–∏—á–µ—Å–∫–∏–µ –ø–∞—Ä—Ç–Ω—ë—Ä—ã pfl advisor –ø–æ–¥–µ–ª–∏–ª–∏—Å—å –æ–±–Ω–æ–≤–ª—ë–Ω–Ω—ã–º –æ–±–∑–æ—Ä–æ–º —Ä—ã–Ω–∫–∞ –ø—Ä–æ–ø—Ç–µ—Ö —Å–º –∫–∞—Ä—Ç–æ—á–∫–∏ –Ω–∞—á–∞–ª–µ –ø–æ—Å—Ç–∞ –ø–æ–ª–Ω—É—é –ø—Ä–µ–∑–µ–Ω—Ç–∞—Ü–∏—é –≤–∞–º–∏ –º–æ–∂–µ–º –Ω–∞–π—Ç–∏ <URL> ak47pfl,uber —Ä–æ—Å—Å–∏–π—Å–∫–æ–π –Ω–µ–¥–≤–∏–∂–∏–º–æ—Å—Ç–∏ —Å—Ç–∞–Ω–µ—Ç –ø–µ—Ä–≤—ã–º it–µ–¥–∏–Ω–æ—Ä–æ–≥–æ–º —Ä–æ—Å—Å–∏–π—Å–∫–æ–º –ø—Ä–æ–ø—Ç–µ—Ö–µ –∞–Ω–∞–ª–∏—Ç–∏–∫–∞ 2030 –≥–æ–¥—É 40 –ø–æ–∫—É–ø–æ–∫ –∂–∏–ª—å—è –±—É–¥—É—Ç –æ—Å—É—â–µ—Å—Ç–≤–ª—è—Ç—å –ø–æ–∫–æ–ª–µ–Ω–∏—è z –∞–ª—å—Ñ–∞ –∫–æ—Ç–æ—Ä—ã–µ –∏—â—É—Ç –≥–æ—Ç–æ–≤—ã–µ —Ä–µ—à–µ–Ω–∏—è –∑–∞–µ–∑–∂–∞–π –∂–∏–≤–∏ –æ—Ä–≥–∞–Ω–∏–∑—É–µ—Ç 350 —Ç—ã—Å—è—á —Ä–∏—ç–ª—Ç–æ—Ä–æ–≤ 2 –º–ª–Ω —Ä–µ–º–æ–Ω—Ç–Ω–∏–∫–æ–≤ 8000 —Ñ–ª–∏–ø–ø–µ—Ä–æ–≤ 2400 –∑–∞—Å—Ç—Ä–æ–π—â–∏–∫–æ–≤ —Å–æ–∑–¥–∞—Å—Ç uber —Ä–æ—Å—Å–∏–π—Å–∫–æ–π –Ω–µ–¥–≤–∏–∂–∏–º–æ—Å—Ç–∏ –∫–∞–ø–∏—Ç–∞–ª–∏–∑–∞—Ü–∏–µ–π 1 —Ç—Ä–ª–Ω —Ä—É–±–ª–µ–π –Ω–∞—à–∏ –∞–Ω–∞–ª–∏—Ç–∏—á–µ—Å–∫–∏–µ –ø–∞—Ä—Ç–Ω—ë—Ä—ã pfl advisor –ø–æ–¥–µ–ª–∏–ª–∏—Å—å –æ–±–Ω–æ–≤–ª—ë–Ω–Ω—ã–º –æ–±–∑–æ—Ä–æ–º —Ä—ã–Ω–∫–∞ –ø—Ä–æ–ø—Ç–µ—Ö —Å–º –∫–∞—Ä—Ç–æ—á–∫–∏ –Ω–∞—á–∞–ª–µ –ø–æ—Å—Ç–∞ –ø–æ–ª–Ω—É—é –ø—Ä–µ–∑–µ–Ω—Ç–∞—Ü–∏—é –≤–∞–º–∏ –º–æ–∂–µ–º –Ω–∞–π—Ç–∏ <URL> ak47pfl –†—ã–Ω–∫–∏–î–µ–Ω—å–≥–∏–í–ª–∞—Å—Ç—å | –†–î–í,"–ü—Ä–æ–ø–¢–µ—Ö - —ç—Ç–æ —Ä—ã–Ω–æ–∫ –Ω–µ–¥–≤–∏–∂–∏–º–æ—Å—Ç–∏, –∫–æ—Ç–æ—Ä—ã–π —Ä–∞–∑–≤–∏–≤–∞–µ—Ç—Å—è –±—ã—Å—Ç—Ä—ã–º–∏ —Ç–µ–º–ø–∞–º–∏. –í –†–æ—Å—Å–∏–∏ –æ–Ω —É–∂–µ –¥–æ—Å—Ç–∏–≥ —Å–≤–æ–µ–≥–æ –ø–∏–∫–∞ –≤ 2014 –≥–æ–¥—É, –∫–æ–≥–¥–∞ –±—ã–ª–æ –ø—Ä–æ–¥–∞–Ω–æ –±–æ–ª–µ–µ 1 –º–ª–Ω –∫–≤–∞—Ä—Ç–∏—Ä. –ö 2030 –≥–æ–¥—É –æ–∂–∏–¥–∞–µ—Ç—Å—è, —á—Ç–æ 40% –ø–æ–∫—É–ø–æ–∫ –∂–∏–ª—å—è –±—É–¥—É—Ç –æ—Å—É—â–µ—Å—Ç–≤–ª—è—Ç—å –ø–æ–∫–æ–ª–µ–Ω–∏—è Z –∏ –ê–ª—å—Ñ–∞, –∫–æ—Ç–æ—Ä—ã–µ –∏—â—É—Ç –≥–æ—Ç–æ–≤—ã–µ —Ä–µ—à–µ–Ω–∏—è - ""–∑–∞–µ–∑–∂–∞–π –∏ –∂–∏–≤–∏""."
#–≠–ª–µ–∫—Ç—Ä–æ–∫–∞—Ä—ã #HYPR,"#–≠–ª–µ–∫—Ç—Ä–æ–∫–∞—Ä—ã #HYPR
–ü—Ä–∞–≤–∏—Ç–µ–ª—å—Å—Ç–≤–æ –†–§ —É–≤–µ–ª–∏—á–∏–ª–æ —Å—É–±—Å–∏–¥–∏–∏ –ø—Ä–∏ —Å—Ç—Ä–æ–∏—Ç–µ–ª—å—Å—Ç–≤–µ –∑–∞—Ä—è–¥–Ω–æ–π –∏–Ω—Ñ—Ä–∞—Å—Ç—Ä—É–∫—Ç—É—Ä—ã –¥–ª—è —ç–ª–µ–∫—Ç—Ä–æ–º–æ–±–∏–ª–µ–π  ‚Äî Reuters

–û–∂–∏–¥–∞–µ—Ç—Å—è, —á—Ç–æ –∫ 2030 –≥–æ–¥—É –¥–æ–ª—è –≤—ã–ø—É—Å–∫–∞–µ–º—ã—Ö —ç–ª–µ–∫—Ç—Ä–æ–º–æ–±–∏–ª–µ–π –≤ –æ–±—â–µ–º –æ–±—ä–µ–º–µ –ø—Ä–æ–∏–∑–≤–æ–¥—Å—Ç–≤–∞ —Ç—Ä–∞–Ω—Å–ø–æ—Ä—Ç–Ω—ã—Ö —Å—Ä–µ–¥—Å—Ç–≤ –¥–æ—Å—Ç–∏–≥–Ω–µ—Ç 10%, –∫ —ç—Ç–æ–º—É –≤—Ä–µ–º–µ–Ω–∏ –≤ –†–§ –±—É–¥–µ—Ç –∑–∞–ø—É—â–µ–Ω–æ –Ω–µ –º–µ–Ω–µ–µ 72 000 –∑–∞—Ä—è–¥–Ω—ã—Ö —Å—Ç–∞–Ω—Ü–∏–π ‚Äî  –ú–∏–Ω—ç–Ω–µ—Ä–≥–æ",2024-07-02T13:15:59+00:00,–†—ã–Ω–∫–∏–î–µ–Ω—å–≥–∏–í–ª–∞—Å—Ç—å | –†–î–í,https://t.me/AK47pfl/17922,—Ç–µ—Ö–Ω–æ–ª–æ–≥–∏–∏,—ç–ª–µ–∫—Ç—Ä–æ–∫–∞—Ä—ã hypr –ø—Ä–∞–≤–∏—Ç–µ–ª—å—Å—Ç–≤–æ —Ä—Ñ —É–≤–µ–ª–∏—á–∏–ª–æ —Å—É–±—Å–∏–¥–∏–∏ —Å—Ç—Ä–æ–∏—Ç–µ–ª—å—Å—Ç–≤–µ –∑–∞—Ä—è–¥–Ω–æ–π –∏–Ω—Ñ—Ä–∞—Å—Ç—Ä—É–∫—Ç—É—Ä—ã —ç–ª–µ–∫—Ç—Ä–æ–º–æ–±–∏–ª–µ–π reuters –æ–∂–∏–¥–∞–µ—Ç—Å—è 2030 –≥–æ–¥—É –¥–æ–ª—è –≤—ã–ø—É—Å–∫–∞–µ–º—ã—Ö —ç–ª–µ–∫—Ç—Ä–æ–º–æ–±–∏–ª–µ–π –æ–±—â–µ–º –æ–±—ä–µ–º–µ –ø—Ä–æ–∏–∑–≤–æ–¥—Å—Ç–≤–∞ —Ç—Ä–∞–Ω—Å–ø–æ—Ä—Ç–Ω—ã—Ö —Å—Ä–µ–¥—Å—Ç–≤ –¥–æ—Å—Ç–∏–≥–Ω–µ—Ç 10 —ç—Ç–æ–º—É –≤—Ä–µ–º–µ–Ω–∏ —Ä—Ñ –∑–∞–ø—É—â–µ–Ω–æ –º–µ–Ω–µ–µ 72 000 –∑–∞—Ä—è–¥–Ω—ã—Ö —Å—Ç–∞–Ω—Ü–∏–π –º–∏–Ω—ç–Ω–µ—Ä–≥–æ,—ç–ª–µ–∫—Ç—Ä–æ–∫–∞—Ä—ã hypr –ø—Ä–∞–≤–∏—Ç–µ–ª—å—Å—Ç–≤–æ —Ä—Ñ —É–≤–µ–ª–∏—á–∏–ª–æ —Å—É–±—Å–∏–¥–∏–∏ —Å—Ç—Ä–æ–∏—Ç–µ–ª—å—Å—Ç–≤–µ –∑–∞—Ä—è–¥–Ω–æ–π –∏–Ω—Ñ—Ä–∞—Å—Ç—Ä—É–∫—Ç—É—Ä—ã —ç–ª–µ–∫—Ç—Ä–æ–º–æ–±–∏–ª–µ–π reuters –æ–∂–∏–¥–∞–µ—Ç—Å—è 2030 –≥–æ–¥—É –¥–æ–ª—è –≤—ã–ø—É—Å–∫–∞–µ–º—ã—Ö —ç–ª–µ–∫—Ç—Ä–æ–º–æ–±–∏–ª–µ–π –æ–±—â–µ–º –æ–±—ä–µ–º–µ –ø—Ä–æ–∏–∑–≤–æ–¥—Å—Ç–≤–∞ —Ç—Ä–∞–Ω—Å–ø–æ—Ä—Ç–Ω—ã—Ö —Å—Ä–µ–¥—Å—Ç–≤ –¥–æ—Å—Ç–∏–≥–Ω–µ—Ç 10 —ç—Ç–æ–º—É –≤—Ä–µ–º–µ–Ω–∏ —Ä—Ñ –∑–∞–ø—É—â–µ–Ω–æ –º–µ–Ω–µ–µ 72 000 –∑–∞—Ä—è–¥–Ω—ã—Ö —Å—Ç–∞–Ω—Ü–∏–π –º–∏–Ω—ç–Ω–µ—Ä–≥–æ –†—ã–Ω–∫–∏–î–µ–Ω—å–≥–∏–í–ª–∞—Å—Ç—å | –†–î–í,–ü—Ä–∞–≤–∏—Ç–µ–ª—å—Å—Ç–≤–æ –†–§ —É–≤–µ–ª–∏—á–∏–ª–æ —Å—É–±—Å–∏–¥–∏–∏ –ø—Ä–∏ —Å—Ç—Ä–æ–∏—Ç–µ–ª—å—Å—Ç–≤–µ –∑–∞—Ä—è–¥–Ω–æ–π –∏–Ω—Ñ—Ä–∞—Å—Ç—Ä—É–∫—Ç—É—Ä—ã –¥–ª—è —ç–ª–µ–∫—Ç—Ä–æ–º–æ–±–∏–ª–µ–π
–ì–ª–∞–≤–Ω–æ–µ –∫ –æ—Ç–∫—Ä—ã—Ç–∏—é –≤—Ç–æ—Ä–Ω–∏–∫–∞ (02.07):,"–ì–ª–∞–≤–Ω–æ–µ –∫ –æ—Ç–∫—Ä—ã—Ç–∏—é –≤—Ç–æ—Ä–Ω–∏–∫–∞ (02.07):
#–±—Ä–∏—Ñ–∏–Ω–≥

üëâ –ó–Ω–∞—á–µ–Ω–∏–µ –∏–Ω–¥–µ–∫—Å–∞ –ñ–∏–°: 63 (–∂–∞–¥–Ω–æ—Å—Ç—å). –ü–æ–¥—Ä–æ–±–Ω–µ–µ –æ–± –∏–Ω–¥–µ–∫—Å–µ –∑–¥–µ—Å—å.

üìç 11.9 ‚ÇΩ/¬•, 86.6 $/–±–∞—Ä—Ä.
üìç –≠–∫—Å–ø–æ—Ä—Ç —Ç—Ä—É–±–æ–ø—Ä–æ–≤–æ–¥–Ω–æ–≥–æ –≥–∞–∑–∞ –∏–∑ –†–æ—Å—Å–∏–∏ –≤ –ï–≤—Ä–æ–ø—É –ø–æ –≤—Å–µ–º —ç–∫—Å–ø–æ—Ä—Ç–Ω—ã–º –≥–∞–∑–æ–ø—Ä–æ–≤–æ–¥–∞–º –∑–∞ 1–ø2024–≥. –≤—ã—Ä–æ—Å –Ω–∞ 27% –≥/–≥ –¥–æ 15.4 –º–ª—Ä–¥ –∫—É–±. –º.
üìç –≠–∫—Å–ø–æ—Ä—Ç —Ä–æ—Å—Å–∏–π—Å–∫–æ–≥–æ –°–ü–ì –∑–∞ 1–ø2024–≥. –≤—ã—Ä–æ—Å –Ω–∞ 2.7% –≥/–≥, –¥–æ 16.79 –º–ª–Ω —Ç–æ–Ω–Ω., —Å–∏–ª—å–Ω–µ–µ –≤—Å–µ–≥–æ –≤ —Å—Ç—Ä–∞–Ω—ã –ï–°, –Ω–∞ 6.3%. 
üìç –°–æ–±—ã—Ç–∏—è —Å–µ–≥–æ–¥–Ω—è: (1) –ú–æ—Å–∫–æ–≤—Å–∫–∞—è –±–∏—Ä–∂–∞ (MOEX): –æ–±—ä–µ–º—ã —Ç–æ—Ä–≥–æ–≤ –∑–∞ –∏—é–Ω—å. 

üìà –ß—Ç–æ –≤–ª–∏—è–µ—Ç –Ω–∞ —Ä—ã–Ω–∫–∏ –≤ –±–ª–∏–∂–∞–π—à–∏–µ 5 –¥–Ω–µ–π? 
–î–æ—Å—Ç—É–ø–Ω–æ —á–ª–µ–Ω–∞–º @RDVPREMIUMbot

üòÄ @AK47pfl",2024-07-02T06:30:50+00:00,–†—ã–Ω–∫–∏–î–µ–Ω—å–≥–∏–í–ª–∞—Å—Ç—å | –†–î–í,https://t.me/AK47pfl/17920,—Ç–µ—Ö–Ω–æ–ª–æ–≥–∏–∏,–≥–ª–∞–≤–Ω–æ–µ –æ—Ç–∫—Ä—ã—Ç–∏—é –≤—Ç–æ—Ä–Ω–∏–∫–∞ 0207 –±—Ä–∏—Ñ–∏–Ω–≥ –∑–Ω–∞—á–µ–Ω–∏–µ –∏–Ω–¥–µ–∫—Å–∞ –∂–∏—Å 63 –∂–∞–¥–Ω–æ—Å—Ç—å –ø–æ–¥—Ä–æ–±–Ω–µ–µ –∏–Ω–¥–µ–∫—Å–µ 119 866 –±–∞—Ä—Ä —ç–∫—Å–ø–æ—Ä—Ç —Ç—Ä—É–±–æ–ø—Ä–æ–≤–æ–¥–Ω–æ–≥–æ –≥–∞–∑–∞ —Ä–æ—Å—Å–∏–∏ –µ–≤—Ä–æ–ø—É –≤—Å–µ–º —ç–∫—Å–ø–æ—Ä—Ç–Ω—ã–º –≥–∞–∑–æ–ø—Ä–æ–≤–æ–¥–∞–º 1–ø2024–≥ –≤—ã—Ä–æ—Å 27 –≥–≥ 154 –º–ª—Ä–¥ –∫—É–± –º —ç–∫—Å–ø–æ—Ä—Ç —Ä–æ—Å—Å–∏–π—Å–∫–æ–≥–æ —Å–ø–≥ 1–ø2024–≥ –≤—ã—Ä–æ—Å 27 –≥–≥ 1679 –º–ª–Ω —Ç–æ–Ω–Ω —Å–∏–ª—å–Ω–µ–µ —Å—Ç—Ä–∞–Ω—ã –µ—Å 63 —Å–æ–±—ã—Ç–∏—è —Å–µ–≥–æ–¥–Ω—è 1 –º–æ—Å–∫–æ–≤—Å–∫–∞—è –±–∏—Ä–∂–∞ moex –æ–±—ä–µ–º—ã —Ç–æ—Ä–≥–æ–≤ –∏—é–Ω—å –≤–ª–∏—è–µ—Ç —Ä—ã–Ω–∫–∏ –±–ª–∏–∂–∞–π—à–∏–µ 5 –¥–Ω–µ–π –¥–æ—Å—Ç—É–ø–Ω–æ —á–ª–µ–Ω–∞–º rdvpremiumbot ak47pfl,–≥–ª–∞–≤–Ω–æ–µ –æ—Ç–∫—Ä—ã—Ç–∏—é –≤—Ç–æ—Ä–Ω–∏–∫–∞ 0207 –±—Ä–∏—Ñ–∏–Ω–≥ –∑–Ω–∞—á–µ–Ω–∏–µ –∏–Ω–¥–µ–∫—Å–∞ –∂–∏—Å 63 –∂–∞–¥–Ω–æ—Å—Ç—å –ø–æ–¥—Ä–æ–±–Ω–µ–µ –∏–Ω–¥–µ–∫—Å–µ 119 866 –±–∞—Ä—Ä —ç–∫—Å–ø–æ—Ä—Ç —Ç—Ä—É–±–æ–ø—Ä–æ–≤–æ–¥–Ω–æ–≥–æ –≥–∞–∑–∞ —Ä–æ—Å—Å–∏–∏ –µ–≤—Ä–æ–ø—É –≤—Å–µ–º —ç–∫—Å–ø–æ—Ä—Ç–Ω—ã–º –≥–∞–∑–æ–ø—Ä–æ–≤–æ–¥–∞–º 1–ø2024–≥ –≤—ã—Ä–æ—Å 27 –≥–≥ 154 –º–ª—Ä–¥ –∫—É–± –º —ç–∫—Å–ø–æ—Ä—Ç —Ä–æ—Å—Å–∏–π—Å–∫–æ–≥–æ —Å–ø–≥ 1–ø2024–≥ –≤—ã—Ä–æ—Å 27 –≥–≥ 1679 –º–ª–Ω —Ç–æ–Ω–Ω —Å–∏–ª—å–Ω–µ–µ —Å—Ç—Ä–∞–Ω—ã –µ—Å 63 —Å–æ–±—ã—Ç–∏—è —Å–µ–≥–æ–¥–Ω—è 1 –º–æ—Å–∫–æ–≤—Å–∫–∞—è –±–∏—Ä–∂–∞ moex –æ–±—ä–µ–º—ã —Ç–æ—Ä–≥–æ–≤ –∏—é–Ω—å –≤–ª–∏—è–µ—Ç —Ä—ã–Ω–∫–∏ –±–ª–∏–∂–∞–π—à–∏–µ 5 –¥–Ω–µ–π –¥–æ—Å—Ç—É–ø–Ω–æ —á–ª–µ–Ω–∞–º rdvpremiumbot ak47pfl –†—ã–Ω–∫–∏–î–µ–Ω—å–≥–∏–í–ª–∞—Å—Ç—å | –†–î–í,–í –±–ª–∏–∂–∞–π—à–∏–µ 5 –¥–Ω–µ–π –Ω–∞ —Ä—ã–Ω–∫–∏ –±—É–¥–µ—Ç –≤–ª–∏—è—Ç—å —Å—Ç–∞—Ç–∏—Å—Ç–∏–∫–∞ –∏–∑ –°–®–ê –∏ –ï–≤—Ä–æ–ø—ã.
–ö—Ä–∞—Ç–∫–∏–π –æ–±–∑–æ—Ä —ç–∫–æ–Ω–æ–º–∏—á–µ—Å–∫–æ–π –ø–æ–≤–µ—Å—Ç–∫–∏ –¥–Ω—è:,"–ö—Ä–∞—Ç–∫–∏–π –æ–±–∑–æ—Ä —ç–∫–æ–Ω–æ–º–∏—á–µ—Å–∫–æ–π –ø–æ–≤–µ—Å—Ç–∫–∏ –¥–Ω—è:

üîπ –ú–∏–Ω–∏—Å—Ç–µ—Ä—Å—Ç–≤–æ —Ñ–∏–Ω–∞–Ω—Å–æ–≤ –†–æ—Å—Å–∏–∏ 3 –∏—é–ª—è –ø—Ä–æ–≤–µ–¥–µ—Ç –∞—É–∫—Ü–∏–æ–Ω—ã –ø–æ –ø—Ä–æ–¥–∞–∂–µ –û–§–ó-–ü–î —Å–µ—Ä–∏–∏ 26248 –∏ –û–§–ó-–ü–ö —Å–µ—Ä–∏–∏ 29025 –≤ –æ–±—ä–µ–º–∞—Ö –æ—Å—Ç–∞—Ç–∫–æ–≤, –¥–æ—Å—Ç—É–ø–Ω—ã—Ö –¥–ª—è —Ä–∞–∑–º–µ—â–µ–Ω–∏—è –≤ –∫–∞–∂–¥–æ–º –≤—ã–ø—É—Å–∫–µ, –≥–æ–≤–æ—Ä–∏—Ç—Å—è –≤ —Å–æ–æ–±—â–µ–Ω–∏–∏ –ú–∏–Ω—Ñ–∏–Ω–∞.

üîπ –°–æ–≤–æ–∫—É–ø–Ω—ã–π –æ–±—ä–µ–º —Ç–æ—Ä–≥–æ–≤ –Ω–∞ —Ä—ã–Ω–∫–∞—Ö ""–ú–æ—Å–∫–æ–≤—Å–∫–æ–π –±–∏—Ä–∂–∏"" –≤ –∏—é–Ω–µ 2024 –≥–æ–¥–∞ –ø–æ —Å—Ä–∞–≤–Ω–µ–Ω–∏—é —Å –∏—é–Ω–µ–º 2023 –≥–æ–¥–∞ —É–≤–µ–ª–∏—á–∏–ª—Å—è –Ω–∞ 17,8%, –¥–æ 114,6 —Ç—Ä–ª–Ω —Ä—É–±–ª–µ–π —Å 97,3 —Ç—Ä–ª–Ω —Ä—É–±–ª–µ–π, —Å–æ–æ–±—â–∞–µ—Ç—Å—è –≤ –ø—Ä–µ—Å—Å-—Ä–µ–ª–∏–∑–µ –±–∏—Ä–∂–∏.

üîπ –ê–∫—Ü–∏–æ–Ω–µ—Ä—ã –ü–ê–û ""–ê–±—Ä–∞—É-–î—é—Ä—Å–æ"", –≤–µ–¥—É—â–µ–≥–æ –ø—Ä–æ–∏–∑–≤–æ–¥–∏—Ç–µ–ª—è –∏–≥—Ä–∏—Å—Ç—ã—Ö –≤–∏–Ω –≤ –†–§, —É—Ç–≤–µ—Ä–¥–∏–ª–∏ —Ä–µ–∫–æ–º–µ–Ω–¥–∞—Ü–∏—é —Å–æ–≤–µ—Ç–∞ –¥–∏—Ä–µ–∫—Ç–æ—Ä–æ–≤ –ø–æ –≤—ã–ø–ª–∞—Ç–µ —Ñ–∏–Ω–∞–ª—å–Ω—ã—Ö –¥–∏–≤–∏–¥–µ–Ω–¥–æ–≤ –∑–∞ 2023 –≥–æ–¥ –≤ —Ä–∞–∑–º–µ—Ä–µ 3,27 —Ä—É–±–ª—è –Ω–∞ –∞–∫—Ü–∏—é, —Å–æ–æ–±—â–∞–µ—Ç—Å—è –≤ –º–∞—Ç–µ—Ä–∏–∞–ª–∞—Ö –∫–æ–º–ø–∞–Ω–∏–∏.

üîπ –ê–∫—Ü–∏–æ–Ω–µ—Ä—ã –ü–ê–û ""–ê–ª–∫–æ–≥–æ–ª—å–Ω–∞—è –≥—Ä—É–ø–ø–∞ –ö—Ä–∏—Å—Ç–∞–ª–ª"" –Ω–∞ –≥–æ–¥–æ–≤–æ–º —Å–æ–±—Ä–∞–Ω–∏–∏ 28 –∏—é–Ω—è —É—Ç–≤–µ—Ä–¥–∏–ª–∏ —Ä–µ–∫–æ–º–µ–Ω–¥–∞—Ü–∏—é —Å–æ–≤–µ—Ç–∞ –¥–∏—Ä–µ–∫—Ç–æ—Ä–æ–≤ –Ω–µ –≤—ã–ø–ª–∞—á–∏–≤–∞—Ç—å –¥–∏–≤–∏–¥–µ–Ω–¥—ã –ø–æ –∏—Ç–æ–≥–∞–º 2023 –≥–æ–¥–∞, —Å–æ–æ–±—â–∞–µ—Ç—Å—è –≤ –º–∞—Ç–µ—Ä–∏–∞–ª–∞—Ö –∫–æ–º–ø–∞–Ω–∏–∏.

üîπ –ê–∫—Ü–∏–æ–Ω–µ—Ä—ã –ü–ê–û ""–ù–∏–∂–Ω–µ–∫–∞–º—Å–∫–Ω–µ—Ñ—Ç–µ—Ö–∏–º"" (–ù–ö–ù–•, –≤—Ö–æ–¥–∏—Ç –≤ ""–°–ò–ë–£–†"") –Ω–∞ –≥–æ–¥–æ–≤–æ–º —Å–æ–±—Ä–∞–Ω–∏–∏ —É—Ç–≤–µ—Ä–¥–∏–ª–∏ —Ä–µ–∫–æ–º–µ–Ω–¥–∞—Ü–∏—é —Å–æ–≤–µ—Ç–∞ –¥–∏—Ä–µ–∫—Ç–æ—Ä–æ–≤ –æ –≤—ã–ø–ª–∞—Ç–µ –¥–∏–≤–∏–¥–µ–Ω–¥–æ–≤ –ø–æ –∏—Ç–æ–≥–∞–º 2023 –≥–æ–¥–∞ –∏–∑ —Ä–∞—Å—á–µ—Ç–∞ 2,94 —Ä—É–±–ª—è –Ω–∞ –≤—Å–µ –≤–∏–¥—ã –∞–∫—Ü–∏–π, –≥–æ–≤–æ—Ä–∏—Ç—Å—è –≤ —Å–æ–æ–±—â–µ–Ω–∏–∏ –∫–æ–º–ø–∞–Ω–∏–∏.

üîπ –ê–∫—Ü–∏–æ–Ω–µ—Ä—ã –ü–ê–û ""–ö–∞–∑–∞–Ω—å–æ—Ä–≥—Å–∏–Ω—Ç–µ–∑"" (–≤—Ö–æ–¥–∏—Ç –≤ ""–°–ò–ë–£–†"") –Ω–∞ –≥–æ–¥–æ–≤–æ–º —Å–æ–±—Ä–∞–Ω–∏–∏ —É—Ç–≤–µ—Ä–¥–∏–ª–∏ —Ä–µ–∫–æ–º–µ–Ω–¥–∞—Ü–∏—é —Å–æ–≤–µ—Ç–∞ –¥–∏—Ä–µ–∫—Ç–æ—Ä–æ–≤ –æ –≤—ã–ø–ª–∞—Ç–µ –¥–∏–≤–∏–¥–µ–Ω–¥–æ–≤ –ø–æ –∏—Ç–æ–≥–∞–º 2023 –≥–æ–¥–∞ –∏–∑ —Ä–∞—Å—á–µ—Ç–∞ 6,22 —Ä—É–±–ª—è –Ω–∞ –æ–±—ã–∫–Ω–æ–≤–µ–Ω–Ω—É—é –∏ 0,25 —Ä—É–±–ª—è –Ω–∞ –ø—Ä–∏–≤–∏–ª–µ–≥–∏—Ä–æ–≤–∞–Ω–Ω—É—é –∞–∫—Ü–∏–∏, –≥–æ–≤–æ—Ä–∏—Ç—Å—è –≤ —Å–æ–æ–±—â–µ–Ω–∏–∏ –∫–æ–º–ø–∞–Ω–∏–∏.

üîπ –ê–∫—Ü–∏–æ–Ω–µ—Ä—ã –ü–ê–û ""–í–£–® –•–æ–ª–¥–∏–Ω–≥"" (–æ–ø–µ—Ä–∞—Ç–æ—Ä —Å–µ—Ä–≤–∏—Å–∞ –∫–∏–∫—à–µ—Ä–∏–Ω–≥–∞ Whoosh ) –Ω–∞ –≥–æ–¥–æ–≤–æ–º —Å–æ–±—Ä–∞–Ω–∏–∏ –ø—Ä–∏–Ω—è–ª–∏ —Ä–µ—à–µ–Ω–∏–µ –Ω–µ –≤—ã–ø–ª–∞—á–∏–≤–∞—Ç—å –¥–∏–≤–∏–¥–µ–Ω–¥—ã –∑–∞ 2023 –≥–æ–¥, –≥–æ–≤–æ—Ä–∏—Ç—Å—è –≤ —Å–æ–æ–±—â–µ–Ω–∏–∏ –∫–æ–º–ø–∞–Ω–∏–∏.

üîπ –ì–æ–¥–æ–≤–æ–µ —Å–æ–±—Ä–∞–Ω–∏–µ –∞–∫—Ü–∏–æ–Ω–µ—Ä–æ–≤ –ü–ê–û ""–°–ü–ë –±–∏—Ä–∂–∞"", –ø—Ä–æ–≤–µ–¥–µ–Ω–Ω–æ–µ 28 –∏—é–Ω—è –≤ —Ñ–æ—Ä–º–µ –≤ –∑–∞–æ—á–Ω–æ–≥–æ –≥–æ–ª–æ—Å–æ–≤–∞–Ω–∏—è, –ø—Ä–∏–Ω—è–ª–æ —Ä–µ—à–µ–Ω–∏–µ –ø–æ —Ä–µ–∑—É–ª—å—Ç–∞—Ç–∞–º 2023 –≥–æ–¥–∞ –¥–∏–≤–∏–¥–µ–Ω–¥—ã –Ω–∞ –æ–±—ã–∫–Ω–æ–≤–µ–Ω–Ω—ã–µ –∞–∫—Ü–∏–∏ –Ω–µ –Ω–∞—á–∏—Å–ª—è—Ç—å –∏ –Ω–µ –≤—ã–ø–ª–∞—á–∏–≤–∞—Ç—å, —Å–æ–æ–±—â–∞–µ—Ç—Å—è –≤ –∏–Ω—Ñ–æ—Ä–º–∞—Ü–∏–∏ —Ç–æ—Ä–≥–æ–≤–æ–π –ø–ª–æ—â–∞–¥–∫–∏.

üîπ –ê–∫—Ü–∏–æ–Ω–µ—Ä—ã –ü–ê–û ""–ù–æ–≤–æ—Ä–æ—Å—Å–∏–π—Å–∫–æ–µ –º–æ—Ä—Å–∫–æ–µ –ø–∞—Ä–æ—Ö–æ–¥—Å—Ç–≤–æ"" ( ""–ù–æ–≤–æ—à–∏–ø"" , –≤—Ö–æ–¥–∏—Ç –≤ –≥—Ä—É–ø–ø—É ""–°–æ–≤–∫–æ–º—Ñ–ª–æ—Ç"" ) –Ω–∞ –≥–æ–¥–æ–≤–æ–º —Å–æ–±—Ä–∞–Ω–∏–∏ 28 –∏—é–Ω—è –ø—Ä–∏–Ω—è–ª–∏ —Ä–µ—à–µ–Ω–∏–µ –æ –≤—ã–ø–ª–∞—Ç–µ —Ñ–∏–Ω–∞–ª—å–Ω—ã—Ö –¥–∏–≤–∏–¥–µ–Ω–¥–æ–≤ –∑–∞ 2023 –≥–æ–¥ –≤ —Ä–∞–∑–º–µ—Ä–µ 0,5 —Ä—É–±–ª—è –Ω–∞ –∫–∞–∂–¥—É—é –æ–±—ã–∫–Ω–æ–≤–µ–Ω–Ω—É—é –∏ –ø—Ä–∏–≤–∏–ª–µ–≥–∏—Ä–æ–≤–∞–Ω–Ω—É—é –∞–∫—Ü–∏—é –Ω–æ–º–∏–Ω–∞–ª–æ–º 1 —Ä—É–±–ª—å, –≥–æ–≤–æ—Ä–∏—Ç—Å—è –≤ —Å–æ–æ–±—â–µ–Ω–∏–∏ ""–ù–æ–≤–æ—à–∏–ø–∞"".

üîπ –ü—Ä–æ–¥–∞–∂–∏ –Ω–æ–≤—ã—Ö –ª–µ–≥–∫–æ–≤—ã—Ö –∏ –ª–µ–≥–∫–∏—Ö –∫–æ–º–º–µ—Ä—á–µ—Å–∫–∏—Ö –∞–≤—Ç–æ–º–æ–±–∏–ª–µ–π (LCV) –≤ –†–æ—Å—Å–∏–∏ –≤ I –ø–æ–ª—É–≥–æ–¥–∏–∏ 2024 –≥–æ–¥–∞ –≤—ã—Ä–æ—Å–ª–∏ –Ω–∞ 72,5%, –¥–æ 774,514 —Ç—ã—Å. —à—Ç—É–∫. 

#–∏—Ç–æ–≥–∏–¥–Ω—è
@ifax_go",2024-07-02T18:35:33+00:00,–ò–Ω—Ç–µ—Ä—Ñ–∞–∫—Å. –†—ã–Ω–∫–∏,https://t.me/ifax_go/11826,—Ç–µ—Ö–Ω–æ–ª–æ–≥–∏–∏,–∫—Ä–∞—Ç–∫–∏–π –æ–±–∑–æ—Ä —ç–∫–æ–Ω–æ–º–∏—á–µ—Å–∫–æ–π –ø–æ–≤–µ—Å—Ç–∫–∏ –¥–Ω—è –º–∏–Ω–∏—Å—Ç–µ—Ä—Å—Ç–≤–æ —Ñ–∏–Ω–∞–Ω—Å–æ–≤ —Ä–æ—Å—Å–∏–∏ 3 –∏—é–ª—è –ø—Ä–æ–≤–µ–¥–µ—Ç –∞—É–∫—Ü–∏–æ–Ω—ã –ø—Ä–æ–¥–∞–∂–µ –æ—Ñ–∑–ø–¥ —Å–µ—Ä–∏–∏ 26248 –æ—Ñ–∑–ø–∫ —Å–µ—Ä–∏–∏ 29025 –æ–±—ä–µ–º–∞—Ö –æ—Å—Ç–∞—Ç–∫–æ–≤ –¥–æ—Å—Ç—É–ø–Ω—ã—Ö —Ä–∞–∑–º–µ—â–µ–Ω–∏—è –∫–∞–∂–¥–æ–º –≤—ã–ø—É—Å–∫–µ –≥–æ–≤–æ—Ä–∏—Ç—Å—è —Å–æ–æ–±—â–µ–Ω–∏–∏ –º–∏–Ω—Ñ–∏–Ω–∞ —Å–æ–≤–æ–∫—É–ø–Ω—ã–π –æ–±—ä–µ–º —Ç–æ—Ä–≥–æ–≤ —Ä—ã–Ω–∫–∞—Ö –º–æ—Å–∫–æ–≤—Å–∫–æ–π –±–∏—Ä–∂–∏ –∏—é–Ω–µ 2024 –≥–æ–¥–∞ —Å—Ä–∞–≤–Ω–µ–Ω–∏—é –∏—é–Ω–µ–º 2023 –≥–æ–¥–∞ —É–≤–µ–ª–∏—á–∏–ª—Å—è 178 1146 —Ç—Ä–ª–Ω —Ä—É–±–ª–µ–π 973 —Ç—Ä–ª–Ω —Ä—É–±–ª–µ–π —Å–æ–æ–±—â–∞–µ—Ç—Å—è –ø—Ä–µ—Å—Å—Ä–µ–ª–∏–∑–µ –±–∏—Ä–∂–∏ –∞–∫—Ü–∏–æ–Ω–µ—Ä—ã –ø–∞–æ –∞–±—Ä–∞—É–¥—é—Ä—Å–æ –≤–µ–¥—É—â–µ–≥–æ –ø—Ä–æ–∏–∑–≤–æ–¥–∏—Ç–µ–ª—è –∏–≥—Ä–∏—Å—Ç—ã—Ö –≤–∏–Ω —Ä—Ñ —É—Ç–≤–µ—Ä–¥–∏–ª–∏ —Ä–µ–∫–æ–º–µ–Ω–¥–∞—Ü–∏—é —Å–æ–≤–µ—Ç–∞ –¥–∏—Ä–µ–∫—Ç–æ—Ä–æ–≤ –≤—ã–ø–ª–∞—Ç–µ —Ñ–∏–Ω–∞–ª—å–Ω—ã—Ö –¥–∏–≤–∏–¥–µ–Ω–¥–æ–≤ 2023 –≥–æ–¥ —Ä–∞–∑–º–µ—Ä–µ 327 —Ä—É–±–ª—è –∞–∫—Ü–∏—é —Å–æ–æ–±—â–∞–µ—Ç—Å—è –º–∞—Ç–µ—Ä–∏–∞–ª–∞—Ö –∫–æ–º–ø–∞–Ω–∏–∏ –∞–∫—Ü–∏–æ–Ω–µ—Ä—ã –ø–∞–æ –∞–ª–∫–æ–≥–æ–ª—å–Ω–∞—è –≥—Ä—É–ø–ø–∞ –∫—Ä–∏—Å—Ç–∞–ª–ª –≥–æ–¥–æ–≤–æ–º —Å–æ–±—Ä–∞–Ω–∏–∏ 28 –∏—é–Ω—è —É—Ç–≤–µ—Ä–¥–∏–ª–∏ —Ä–µ–∫–æ–º–µ–Ω–¥–∞—Ü–∏—é —Å–æ–≤–µ—Ç–∞ –¥–∏—Ä–µ–∫—Ç–æ—Ä–æ–≤ –≤—ã–ø–ª–∞—á–∏–≤–∞—Ç—å –¥–∏–≤–∏–¥–µ–Ω–¥—ã –∏—Ç–æ–≥–∞–º 2023 –≥–æ–¥–∞ —Å–æ–æ–±—â–∞–µ—Ç—Å—è –º–∞—Ç–µ—Ä–∏–∞–ª–∞—Ö –∫–æ–º–ø–∞–Ω–∏–∏ –∞–∫—Ü–∏–æ–Ω–µ—Ä—ã –ø–∞–æ –Ω–∏–∂–Ω–µ–∫–∞–º—Å–∫–Ω–µ—Ñ—Ç–µ—Ö–∏–º –Ω–∫–Ω—Ö –≤—Ö–æ–¥–∏—Ç —Å–∏–±—É—Ä –≥–æ–¥–æ–≤–æ–º —Å–æ–±—Ä–∞–Ω–∏–∏ —É—Ç–≤–µ—Ä–¥–∏–ª–∏ —Ä–µ–∫–æ–º–µ–Ω–¥–∞—Ü–∏—é —Å–æ–≤–µ—Ç–∞ –¥–∏—Ä–µ–∫—Ç–æ—Ä–æ–≤ –≤—ã–ø–ª–∞—Ç–µ –¥–∏–≤–∏–¥–µ–Ω–¥–æ–≤ –∏—Ç–æ–≥–∞–º 2023 –≥–æ–¥–∞ —Ä–∞—Å—á–µ—Ç–∞ 294 —Ä—É–±–ª—è –≤–∏–¥—ã –∞–∫—Ü–∏–π –≥–æ–≤–æ—Ä–∏—Ç—Å—è —Å–æ–æ–±—â–µ–Ω–∏–∏ –∫–æ–º–ø–∞–Ω–∏–∏ –∞–∫—Ü–∏–æ–Ω–µ—Ä—ã –ø–∞–æ –∫–∞–∑–∞–Ω—å–æ—Ä–≥—Å–∏–Ω—Ç–µ–∑ –≤—Ö–æ–¥–∏—Ç —Å–∏–±—É—Ä –≥–æ–¥–æ–≤–æ–º —Å–æ–±—Ä–∞–Ω–∏–∏ —É—Ç–≤–µ—Ä–¥–∏–ª–∏ —Ä–µ–∫–æ–º–µ–Ω–¥–∞—Ü–∏—é —Å–æ–≤–µ—Ç–∞ –¥–∏—Ä–µ–∫—Ç–æ—Ä–æ–≤ –≤—ã–ø–ª–∞—Ç–µ –¥–∏–≤–∏–¥–µ–Ω–¥–æ–≤ –∏—Ç–æ–≥–∞–º 2023 –≥–æ–¥–∞ —Ä–∞—Å—á–µ—Ç–∞ 622 —Ä—É–±–ª—è –æ–±—ã–∫–Ω–æ–≤–µ–Ω–Ω—É—é 025 —Ä—É–±–ª—è –ø—Ä–∏–≤–∏–ª–µ–≥–∏—Ä–æ–≤–∞–Ω–Ω—É—é –∞–∫—Ü–∏–∏ –≥–æ–≤–æ—Ä–∏—Ç—Å—è —Å–æ–æ–±—â–µ–Ω–∏–∏ –∫–æ–º–ø–∞–Ω–∏–∏ –∞–∫—Ü–∏–æ–Ω–µ—Ä—ã –ø–∞–æ –≤—É—à —Ö–æ–ª–¥–∏–Ω–≥ –æ–ø–µ—Ä–∞—Ç–æ—Ä —Å–µ—Ä–≤–∏—Å–∞ –∫–∏–∫—à–µ—Ä–∏–Ω–≥–∞ whoosh –≥–æ–¥–æ–≤–æ–º —Å–æ–±—Ä–∞–Ω–∏–∏ –ø—Ä–∏–Ω—è–ª–∏ —Ä–µ—à–µ–Ω–∏–µ –≤—ã–ø–ª–∞—á–∏–≤–∞—Ç—å –¥–∏–≤–∏–¥–µ–Ω–¥—ã 2023 –≥–æ–¥ –≥–æ–≤–æ—Ä–∏—Ç—Å—è —Å–æ–æ–±—â–µ–Ω–∏–∏ –∫–æ–º–ø–∞–Ω–∏–∏ –≥–æ–¥–æ–≤–æ–µ —Å–æ–±—Ä–∞–Ω–∏–µ –∞–∫—Ü–∏–æ–Ω–µ—Ä–æ–≤ –ø–∞–æ —Å–ø–± –±–∏—Ä–∂–∞ –ø—Ä–æ–≤–µ–¥–µ–Ω–Ω–æ–µ 28 –∏—é–Ω—è —Ñ–æ—Ä–º–µ –∑–∞–æ—á–Ω–æ–≥–æ –≥–æ–ª–æ—Å–æ–≤–∞–Ω–∏—è –ø—Ä–∏–Ω—è–ª–æ —Ä–µ—à–µ–Ω–∏–µ —Ä–µ–∑—É–ª—å—Ç–∞—Ç–∞–º 2023 –≥–æ–¥–∞ –¥–∏–≤–∏–¥–µ–Ω–¥—ã –æ–±—ã–∫–Ω–æ–≤–µ–Ω–Ω—ã–µ –∞–∫—Ü–∏–∏ –Ω–∞—á–∏—Å–ª—è—Ç—å –≤—ã–ø–ª–∞—á–∏–≤–∞—Ç—å —Å–æ–æ–±—â–∞–µ—Ç—Å—è –∏–Ω—Ñ–æ—Ä–º–∞—Ü–∏–∏ —Ç–æ—Ä–≥–æ–≤–æ–π –ø–ª–æ—â–∞–¥–∫–∏ –∞–∫—Ü–∏–æ–Ω–µ—Ä—ã –ø–∞–æ –Ω–æ–≤–æ—Ä–æ—Å—Å–∏–π—Å–∫–æ–µ –º–æ—Ä—Å–∫–æ–µ –ø–∞—Ä–æ—Ö–æ–¥—Å—Ç–≤–æ –Ω–æ–≤–æ—à–∏–ø –≤—Ö–æ–¥–∏—Ç –≥—Ä—É–ø–ø—É —Å–æ–≤–∫–æ–º—Ñ–ª–æ—Ç –≥–æ–¥–æ–≤–æ–º —Å–æ–±—Ä–∞–Ω–∏–∏ 28 –∏—é–Ω—è –ø—Ä–∏–Ω—è–ª–∏ —Ä–µ—à–µ–Ω–∏–µ –≤—ã–ø–ª–∞—Ç–µ —Ñ–∏–Ω–∞–ª—å–Ω—ã—Ö –¥–∏–≤–∏–¥–µ–Ω–¥–æ–≤ 2023 –≥–æ–¥ —Ä–∞–∑–º–µ—Ä–µ 05 —Ä—É–±–ª—è –∫–∞–∂–¥—É—é –æ–±—ã–∫–Ω–æ–≤–µ–Ω–Ω—É—é –ø—Ä–∏–≤–∏–ª–µ–≥–∏—Ä–æ–≤–∞–Ω–Ω—É—é –∞–∫—Ü–∏—é –Ω–æ–º–∏–Ω–∞–ª–æ–º 1 —Ä—É–±–ª—å –≥–æ–≤–æ—Ä–∏—Ç—Å—è —Å–æ–æ–±—â–µ–Ω–∏–∏ –Ω–æ–≤–æ—à–∏–ø–∞ –ø—Ä–æ–¥–∞–∂–∏ –Ω–æ–≤—ã—Ö –ª–µ–≥–∫–æ–≤—ã—Ö –ª–µ–≥–∫–∏—Ö –∫–æ–º–º–µ—Ä—á–µ—Å–∫–∏—Ö –∞–≤—Ç–æ–º–æ–±–∏–ª–µ–π lcv —Ä–æ—Å—Å–∏–∏ –ø–æ–ª—É–≥–æ–¥–∏–∏ 2024 –≥–æ–¥–∞ –≤—ã—Ä–æ—Å–ª–∏ 725 774514 —Ç—ã—Å —à—Ç—É–∫ –∏—Ç–æ–≥–∏–¥–Ω—è ifaxgo,–∫—Ä–∞—Ç–∫–∏–π –æ–±–∑–æ—Ä —ç–∫–æ–Ω–æ–º–∏—á–µ—Å–∫–æ–π –ø–æ–≤–µ—Å—Ç–∫–∏ –¥–Ω—è –º–∏–Ω–∏—Å—Ç–µ—Ä—Å—Ç–≤–æ —Ñ–∏–Ω–∞–Ω—Å–æ–≤ —Ä–æ—Å—Å–∏–∏ 3 –∏—é–ª—è –ø—Ä–æ–≤–µ–¥–µ—Ç –∞—É–∫—Ü–∏–æ–Ω—ã –ø—Ä–æ–¥–∞–∂–µ –æ—Ñ–∑–ø–¥ —Å–µ—Ä–∏–∏ 26248 –æ—Ñ–∑–ø–∫ —Å–µ—Ä–∏–∏ 29025 –æ–±—ä–µ–º–∞—Ö –æ—Å—Ç–∞—Ç–∫–æ–≤ –¥–æ—Å—Ç—É–ø–Ω—ã—Ö —Ä–∞–∑–º–µ—â–µ–Ω–∏—è –∫–∞–∂–¥–æ–º –≤—ã–ø—É—Å–∫–µ –≥–æ–≤–æ—Ä–∏—Ç—Å—è —Å–æ–æ–±—â–µ–Ω–∏–∏ –º–∏–Ω—Ñ–∏–Ω–∞ —Å–æ–≤–æ–∫—É–ø–Ω—ã–π –æ–±—ä–µ–º —Ç–æ—Ä–≥–æ–≤ —Ä—ã–Ω–∫–∞—Ö –º–æ—Å–∫–æ–≤—Å–∫–æ–π –±–∏—Ä–∂–∏ –∏—é–Ω–µ 2024 –≥–æ–¥–∞ —Å—Ä–∞–≤–Ω–µ–Ω–∏—é –∏—é–Ω–µ–º 2023 –≥–æ–¥–∞ —É–≤–µ–ª–∏—á–∏–ª—Å—è 178 1146 —Ç—Ä–ª–Ω —Ä—É–±–ª–µ–π 973 —Ç—Ä–ª–Ω —Ä—É–±–ª–µ–π —Å–æ–æ–±—â–∞–µ—Ç—Å—è –ø—Ä–µ—Å—Å—Ä–µ–ª–∏–∑–µ –±–∏—Ä–∂–∏ –∞–∫—Ü–∏–æ–Ω–µ—Ä—ã –ø–∞–æ –∞–±—Ä–∞—É–¥—é—Ä—Å–æ –≤–µ–¥—É—â–µ–≥–æ –ø—Ä–æ–∏–∑–≤–æ–¥–∏—Ç–µ–ª—è –∏–≥—Ä–∏—Å—Ç—ã—Ö –≤–∏–Ω —Ä—Ñ —É—Ç–≤–µ—Ä–¥–∏–ª–∏ —Ä–µ–∫–æ–º–µ–Ω–¥–∞—Ü–∏—é —Å–æ–≤–µ—Ç–∞ –¥–∏—Ä–µ–∫—Ç–æ—Ä–æ–≤ –≤—ã–ø–ª–∞—Ç–µ —Ñ–∏–Ω–∞–ª—å–Ω—ã—Ö –¥–∏–≤–∏–¥–µ–Ω–¥–æ–≤ 2023 –≥–æ–¥ —Ä–∞–∑–º–µ—Ä–µ 327 —Ä—É–±–ª—è –∞–∫—Ü–∏—é —Å–æ–æ–±—â–∞–µ—Ç—Å—è –º–∞—Ç–µ—Ä–∏–∞–ª–∞—Ö –∫–æ–º–ø–∞–Ω–∏–∏ –∞–∫—Ü–∏–æ–Ω–µ—Ä—ã –ø–∞–æ –∞–ª–∫–æ–≥–æ–ª—å–Ω–∞—è –≥—Ä—É–ø–ø–∞ –∫—Ä–∏—Å—Ç–∞–ª–ª –≥–æ–¥–æ–≤–æ–º —Å–æ–±—Ä–∞–Ω–∏–∏ 28 –∏—é–Ω—è —É—Ç–≤–µ—Ä–¥–∏–ª–∏ —Ä–µ–∫–æ–º–µ–Ω–¥–∞—Ü–∏—é —Å–æ–≤–µ—Ç–∞ –¥–∏—Ä–µ–∫—Ç–æ—Ä–æ–≤ –≤—ã–ø–ª–∞—á–∏–≤–∞—Ç—å –¥–∏–≤–∏–¥–µ–Ω–¥—ã –∏—Ç–æ–≥–∞–º 2023 –≥–æ–¥–∞ —Å–æ–æ–±—â–∞–µ—Ç—Å—è –º–∞—Ç–µ—Ä–∏–∞–ª–∞—Ö –∫–æ–º–ø–∞–Ω–∏–∏ –∞–∫—Ü–∏–æ–Ω–µ—Ä—ã –ø–∞–æ –Ω–∏–∂–Ω–µ–∫–∞–º—Å–∫–Ω–µ—Ñ—Ç–µ—Ö–∏–º –Ω–∫–Ω—Ö –≤—Ö–æ–¥–∏—Ç —Å–∏–±—É—Ä –≥–æ–¥–æ–≤–æ–º —Å–æ–±—Ä–∞–Ω–∏–∏ —É—Ç–≤–µ—Ä–¥–∏–ª–∏ —Ä–µ–∫–æ–º–µ–Ω–¥–∞—Ü–∏—é —Å–æ–≤–µ—Ç–∞ –¥–∏—Ä–µ–∫—Ç–æ—Ä–æ–≤ –≤—ã–ø–ª–∞—Ç–µ –¥–∏–≤–∏–¥–µ–Ω–¥–æ–≤ –∏—Ç–æ–≥–∞–º 2023 –≥–æ–¥–∞ —Ä–∞—Å—á–µ—Ç–∞ 294 —Ä—É–±–ª—è –≤–∏–¥—ã –∞–∫—Ü–∏–π –≥–æ–≤–æ—Ä–∏—Ç—Å—è —Å–æ–æ–±—â–µ–Ω–∏–∏ –∫–æ–º–ø–∞–Ω–∏–∏ –∞–∫—Ü–∏–æ–Ω–µ—Ä—ã –ø–∞–æ –∫–∞–∑–∞–Ω—å–æ—Ä–≥—Å–∏–Ω—Ç–µ–∑ –≤—Ö–æ–¥–∏—Ç —Å–∏–±—É—Ä –≥–æ–¥–æ–≤–æ–º —Å–æ–±—Ä–∞–Ω–∏–∏ —É—Ç–≤–µ—Ä–¥–∏–ª–∏ —Ä–µ–∫–æ–º–µ–Ω–¥–∞—Ü–∏—é —Å–æ–≤–µ—Ç–∞ –¥–∏—Ä–µ–∫—Ç–æ—Ä–æ–≤ –≤—ã–ø–ª–∞—Ç–µ –¥–∏–≤–∏–¥–µ–Ω–¥–æ–≤ –∏—Ç–æ–≥–∞–º 2023 –≥–æ–¥–∞ —Ä–∞—Å—á–µ—Ç–∞ 622 —Ä—É–±–ª—è –æ–±—ã–∫–Ω–æ–≤–µ–Ω–Ω—É—é 025 —Ä—É–±–ª—è –ø—Ä–∏–≤–∏–ª–µ–≥–∏—Ä–æ–≤–∞–Ω–Ω—É—é –∞–∫—Ü–∏–∏ –≥–æ–≤–æ—Ä–∏—Ç—Å—è —Å–æ–æ–±—â–µ–Ω–∏–∏ –∫–æ–º–ø–∞–Ω–∏–∏ –∞–∫—Ü–∏–æ–Ω–µ—Ä—ã –ø–∞–æ –≤—É—à —Ö–æ–ª–¥–∏–Ω–≥ –æ–ø–µ—Ä–∞—Ç–æ—Ä —Å–µ—Ä–≤–∏—Å–∞ –∫–∏–∫—à–µ—Ä–∏–Ω–≥–∞ whoosh –≥–æ–¥–æ–≤–æ–º —Å–æ–±—Ä–∞–Ω–∏–∏ –ø—Ä–∏–Ω—è–ª–∏ —Ä–µ—à–µ–Ω–∏–µ –≤—ã–ø–ª–∞—á–∏–≤–∞—Ç—å –¥–∏–≤–∏–¥–µ–Ω–¥—ã 2023 –≥–æ–¥ –≥–æ–≤–æ—Ä–∏—Ç—Å—è —Å–æ–æ–±—â–µ–Ω–∏–∏ –∫–æ–º–ø–∞–Ω–∏–∏ –≥–æ–¥–æ–≤–æ–µ —Å–æ–±—Ä–∞–Ω–∏–µ –∞–∫—Ü–∏–æ–Ω–µ—Ä–æ–≤ –ø–∞–æ —Å–ø–± –±–∏—Ä–∂–∞ –ø—Ä–æ–≤–µ–¥–µ–Ω–Ω–æ–µ 28 –∏—é–Ω—è —Ñ–æ—Ä–º–µ –∑–∞–æ—á–Ω–æ–≥–æ –≥–æ–ª–æ—Å–æ–≤–∞–Ω–∏—è –ø—Ä–∏–Ω—è–ª–æ —Ä–µ—à–µ–Ω–∏–µ —Ä–µ–∑—É–ª—å—Ç–∞—Ç–∞–º 2023 –≥–æ–¥–∞ –¥–∏–≤–∏–¥–µ–Ω–¥—ã –æ–±—ã–∫–Ω–æ–≤–µ–Ω–Ω—ã–µ –∞–∫—Ü–∏–∏ –Ω–∞—á–∏—Å–ª—è—Ç—å –≤—ã–ø–ª–∞—á–∏–≤–∞—Ç—å —Å–æ–æ–±—â–∞–µ—Ç—Å—è –∏–Ω—Ñ–æ—Ä–º–∞—Ü–∏–∏ —Ç–æ—Ä–≥–æ–≤–æ–π –ø–ª–æ—â–∞–¥–∫–∏ –∞–∫—Ü–∏–æ–Ω–µ—Ä—ã –ø–∞–æ –Ω–æ–≤–æ—Ä–æ—Å—Å–∏–π—Å–∫–æ–µ –º–æ—Ä—Å–∫–æ–µ –ø–∞—Ä–æ—Ö–æ–¥—Å—Ç–≤–æ –Ω–æ–≤–æ—à–∏–ø –≤—Ö–æ–¥–∏—Ç –≥—Ä—É–ø–ø—É —Å–æ–≤–∫–æ–º—Ñ–ª–æ—Ç –≥–æ–¥–æ–≤–æ–º —Å–æ–±—Ä–∞–Ω–∏–∏ 28 –∏—é–Ω—è –ø—Ä–∏–Ω—è–ª–∏ —Ä–µ—à–µ–Ω–∏–µ –≤—ã–ø–ª–∞—Ç–µ —Ñ–∏–Ω–∞–ª—å–Ω—ã—Ö –¥–∏–≤–∏–¥–µ–Ω–¥–æ–≤ 2023 –≥–æ–¥ —Ä–∞–∑–º–µ—Ä–µ 05 —Ä—É–±–ª—è –∫–∞–∂–¥—É—é –æ–±—ã–∫–Ω–æ–≤–µ–Ω–Ω—É—é –ø—Ä–∏–≤–∏–ª–µ–≥–∏—Ä–æ–≤–∞–Ω–Ω—É—é –∞–∫—Ü–∏—é –Ω–æ–º–∏–Ω–∞–ª–æ–º 1 —Ä—É–±–ª—å –≥–æ–≤–æ—Ä–∏—Ç—Å—è —Å–æ–æ–±—â–µ–Ω–∏–∏ –Ω–æ–≤–æ—à–∏–ø–∞ –ø—Ä–æ–¥–∞–∂–∏ –Ω–æ–≤—ã—Ö –ª–µ–≥–∫–æ–≤—ã—Ö –ª–µ–≥–∫–∏—Ö –∫–æ–º–º–µ—Ä—á–µ—Å–∫–∏—Ö –∞–≤—Ç–æ–º–æ–±–∏–ª–µ–π lcv —Ä–æ—Å—Å–∏–∏ –ø–æ–ª—É–≥–æ–¥–∏–∏ 2024 –≥–æ–¥–∞ –≤—ã—Ä–æ—Å–ª–∏ 725 774514 —Ç—ã—Å —à—Ç—É–∫ –∏—Ç–æ–≥–∏–¥–Ω—è ifaxgo –ò–Ω—Ç–µ—Ä—Ñ–∞–∫—Å. –†—ã–Ω–∫–∏,"–í –†–æ—Å—Å–∏–∏ –≤ I –ø–æ–ª—É–≥–æ–¥–∏–∏ 2024 –≥–æ–¥–∞ –ø—Ä–æ–¥–∞–∂–∏ –Ω–æ–≤—ã—Ö –ª–µ–≥–∫–æ–≤—ã—Ö –∏ –ª–µ–≥–∫–∏—Ö –∫–æ–º–º–µ—Ä—á–µ—Å–∫–∏—Ö –∞–≤—Ç–æ–º–æ–±–∏–ª–µ–π (LCV) –≤—ã—Ä–æ—Å–ª–∏ –Ω–∞ 72,5%, –¥–æ 774,514 —Ç—ã—Å. —à—Ç—É–∫."
–ú–∏–Ω—ç–Ω–µ—Ä–≥–æ –°–®–ê –ø—Ä–æ–¥–∞–ª–æ 1 –º–ª–Ω –±–∞—Ä—Ä–µ–ª–µ–π –±–µ–Ω–∑–∏–Ω–∞ –∏–∑ —Ä–µ–∑–µ—Ä–≤–∞,"–ú–∏–Ω—ç–Ω–µ—Ä–≥–æ –°–®–ê –ø—Ä–æ–¥–∞–ª–æ 1 –º–ª–Ω –±–∞—Ä—Ä–µ–ª–µ–π –±–µ–Ω–∑–∏–Ω–∞ –∏–∑ —Ä–µ–∑–µ—Ä–≤–∞

–ú–∏–Ω–∏—Å—Ç–µ—Ä—Å—Ç–≤–æ —ç–Ω–µ—Ä–≥–µ—Ç–∏–∫–∏ –°–®–ê –ø—Ä–æ–¥–∞–ª–æ 1 –º–ª–Ω –±–∞—Ä—Ä–µ–ª–µ–π –±–µ–Ω–∑–∏–Ω–∞ –∏–∑ —Ä–µ–∑–µ—Ä–≤–∞, —á—Ç–æ–±—ã —Å–Ω–∏–∑–∏—Ç—å —Ü–µ–Ω—ã –Ω–∞ –ê–ó–° –ø–µ—Ä–µ–¥ –ø—Ä–∞–∑–¥–Ω–∏–∫–æ–º 4 –∏—é–ª—è (–î–µ–Ω—å –Ω–µ–∑–∞–≤–∏—Å–∏–º–æ—Å—Ç–∏), –≥–æ–≤–æ—Ä–∏—Ç—Å—è –≤ —Å–æ–æ–±—â–µ–Ω–∏–∏ –≤–µ–¥–æ–º—Å—Ç–≤–∞.

–ë–µ–Ω–∑–∏–Ω –∏–∑ —Å–µ–≤–µ—Ä–æ-–≤–æ—Å—Ç–æ—á–Ω–æ–≥–æ —Ä–µ–∑–µ—Ä–≤–∞ (NGSR) –±—ã–ª –ø—Ä–æ–¥–∞–Ω –ø—è—Ç–∏ –∫–æ–º–ø–∞–Ω–∏—è–º: BP, George E. Warren, Vitol, Freepoint Commodities –∏ Irving Oil. –°—Ä–µ–¥–Ω—è—è —Ü–µ–Ω–∞ –ø—Ä–æ–¥–∞–∂–∏ —Ç–æ–ø–ª–∏–≤–∞ —Å–æ—Å—Ç–∞–≤–∏–ª–∞ $2,34 –∑–∞ –≥–∞–ª–ª–æ–Ω.

–í—ã—Å–≤–æ–±–æ–∂–¥–µ–Ω–∏–µ —Ä–µ–∑–µ—Ä–≤–æ–≤ –±–µ–Ω–∑–∏–Ω–∞ –ø–æ–∑–≤–æ–ª–∏—Ç —É–≤–µ–ª–∏—á–∏—Ç—å –ø—Ä–µ–¥–ª–æ–∂–µ–Ω–∏–µ —Ç–æ–ø–ª–∏–≤–∞ –Ω–∞ —Ä—ã–Ω–∫–µ –≤ –ø–µ—Ä–∏–æ–¥ –∞–∫—Ç–∏–≤–∏–∑–∞—Ü–∏–∏ –∞–≤—Ç–æ–º–æ–±–∏–ª—å–Ω—ã—Ö –ø–æ–µ–∑–¥–æ–∫ –≤ –ø—Ä–∞–∑–¥–Ω–∏—á–Ω—ã–µ –¥–Ω–∏.

@ifax_go",2024-07-02T16:31:30+00:00,–ò–Ω—Ç–µ—Ä—Ñ–∞–∫—Å. –†—ã–Ω–∫–∏,https://t.me/ifax_go/11825,—Ç–µ—Ö–Ω–æ–ª–æ–≥–∏–∏,–º–∏–Ω—ç–Ω–µ—Ä–≥–æ —Å—à–∞ –ø—Ä–æ–¥–∞–ª–æ 1 –º–ª–Ω –±–∞—Ä—Ä–µ–ª–µ–π –±–µ–Ω–∑–∏–Ω–∞ —Ä–µ–∑–µ—Ä–≤–∞ –º–∏–Ω–∏—Å—Ç–µ—Ä—Å—Ç–≤–æ —ç–Ω–µ—Ä–≥–µ—Ç–∏–∫–∏ —Å—à–∞ –ø—Ä–æ–¥–∞–ª–æ 1 –º–ª–Ω –±–∞—Ä—Ä–µ–ª–µ–π –±–µ–Ω–∑–∏–Ω–∞ —Ä–µ–∑–µ—Ä–≤–∞ —Å–Ω–∏–∑–∏—Ç—å —Ü–µ–Ω—ã –∞–∑—Å –ø—Ä–∞–∑–¥–Ω–∏–∫–æ–º 4 –∏—é–ª—è –¥–µ–Ω—å –Ω–µ–∑–∞–≤–∏—Å–∏–º–æ—Å—Ç–∏ –≥–æ–≤–æ—Ä–∏—Ç—Å—è —Å–æ–æ–±—â–µ–Ω–∏–∏ –≤–µ–¥–æ–º—Å—Ç–≤–∞ –±–µ–Ω–∑–∏–Ω —Å–µ–≤–µ—Ä–æ–≤–æ—Å—Ç–æ—á–Ω–æ–≥–æ —Ä–µ–∑–µ—Ä–≤–∞ ngsr –ø—Ä–æ–¥–∞–Ω –ø—è—Ç–∏ –∫–æ–º–ø–∞–Ω–∏—è–º bp george e warren vitol freepoint commodity irving oil —Å—Ä–µ–¥–Ω—è—è —Ü–µ–Ω–∞ –ø—Ä–æ–¥–∞–∂–∏ —Ç–æ–ø–ª–∏–≤–∞ —Å–æ—Å—Ç–∞–≤–∏–ª–∞ 234 –≥–∞–ª–ª–æ–Ω –≤—ã—Å–≤–æ–±–æ–∂–¥–µ–Ω–∏–µ —Ä–µ–∑–µ—Ä–≤–æ–≤ –±–µ–Ω–∑–∏–Ω–∞ –ø–æ–∑–≤–æ–ª–∏—Ç —É–≤–µ–ª–∏—á–∏—Ç—å –ø—Ä–µ–¥–ª–æ–∂–µ–Ω–∏–µ —Ç–æ–ø–ª–∏–≤–∞ —Ä—ã–Ω–∫–µ –ø–µ—Ä–∏–æ–¥ –∞–∫—Ç–∏–≤–∏–∑–∞—Ü–∏–∏ –∞–≤—Ç–æ–º–æ–±–∏–ª—å–Ω—ã—Ö –ø–æ–µ–∑–¥–æ–∫ –ø—Ä–∞–∑–¥–Ω–∏—á–Ω—ã–µ –¥–Ω–∏ ifaxgo,–º–∏–Ω—ç–Ω–µ—Ä–≥–æ —Å—à–∞ –ø—Ä–æ–¥–∞–ª–æ 1 –º–ª–Ω –±–∞—Ä—Ä–µ–ª–µ–π –±–µ–Ω–∑–∏–Ω–∞ —Ä–µ–∑–µ—Ä–≤–∞ –º–∏–Ω–∏—Å—Ç–µ—Ä—Å—Ç–≤–æ —ç–Ω–µ—Ä–≥–µ—Ç–∏–∫–∏ —Å—à–∞ –ø—Ä–æ–¥–∞–ª–æ 1 –º–ª–Ω –±–∞—Ä—Ä–µ–ª–µ–π –±–µ–Ω–∑–∏–Ω–∞ —Ä–µ–∑–µ—Ä–≤–∞ —Å–Ω–∏–∑–∏—Ç—å —Ü–µ–Ω—ã –∞–∑—Å –ø—Ä–∞–∑–¥–Ω–∏–∫–æ–º 4 –∏—é–ª—è –¥–µ–Ω—å –Ω–µ–∑–∞–≤–∏—Å–∏–º–æ—Å—Ç–∏ –≥–æ–≤–æ—Ä–∏—Ç—Å—è —Å–æ–æ–±—â–µ–Ω–∏–∏ –≤–µ–¥–æ–º—Å—Ç–≤–∞ –±–µ–Ω–∑–∏–Ω —Å–µ–≤–µ—Ä–æ–≤–æ—Å—Ç–æ—á–Ω–æ–≥–æ —Ä–µ–∑–µ—Ä–≤–∞ ngsr –ø—Ä–æ–¥–∞–Ω –ø—è—Ç–∏ –∫–æ–º–ø–∞–Ω–∏—è–º bp george e warren vitol freepoint commodity irving oil —Å—Ä–µ–¥–Ω—è—è —Ü–µ–Ω–∞ –ø—Ä–æ–¥–∞–∂–∏ —Ç–æ–ø–ª–∏–≤–∞ —Å–æ—Å—Ç–∞–≤–∏–ª–∞ 234 –≥–∞–ª–ª–æ–Ω –≤—ã—Å–≤–æ–±–æ–∂–¥–µ–Ω–∏–µ —Ä–µ–∑–µ—Ä–≤–æ–≤ –±–µ–Ω–∑–∏–Ω–∞ –ø–æ–∑–≤–æ–ª–∏—Ç —É–≤–µ–ª–∏—á–∏—Ç—å –ø—Ä–µ–¥–ª–æ–∂–µ–Ω–∏–µ —Ç–æ–ø–ª–∏–≤–∞ —Ä—ã–Ω–∫–µ –ø–µ—Ä–∏–æ–¥ –∞–∫—Ç–∏–≤–∏–∑–∞—Ü–∏–∏ –∞–≤—Ç–æ–º–æ–±–∏–ª—å–Ω—ã—Ö –ø–æ–µ–∑–¥–æ–∫ –ø—Ä–∞–∑–¥–Ω–∏—á–Ω—ã–µ –¥–Ω–∏ ifaxgo –ò–Ω—Ç–µ—Ä—Ñ–∞–∫—Å. –†—ã–Ω–∫–∏,"–ú–∏–Ω—ç–Ω–µ—Ä–≥–æ –°–®–ê –ø—Ä–æ–¥–∞–ª–æ 1 –º–ª–Ω –±–∞—Ä—Ä–µ–ª–µ–π –±–µ–Ω–∑–∏–Ω–∞ –∏–∑ —Ä–µ–∑–µ—Ä–≤–∞, —á—Ç–æ–±—ã —Å–Ω–∏–∑–∏—Ç—å —Ü–µ–Ω—ã –Ω–∞ –ê–ó–° –ø–µ—Ä–µ–¥ –ø—Ä–∞–∑–¥–Ω–∏–∫–æ–º 4 –∏—é–ª—è"
–†—É–±–ª—å –≤–æ –≤—Ç–æ—Ä–Ω–∏–∫ –æ—Ç—ã–≥—Ä–∞–ª —É—Ç—Ä–µ–Ω–Ω–∏–µ –ø–æ—Ç–µ—Ä–∏ –∏ –Ω–µ–º–Ω–æ–≥–æ –ø–æ–≤—ã—Å–∏–ª—Å—è –≤ –ø–∞—Ä–µ —Å —é–∞–Ω–µ–º,"–†—É–±–ª—å –≤–æ –≤—Ç–æ—Ä–Ω–∏–∫ –æ—Ç—ã–≥—Ä–∞–ª —É—Ç—Ä–µ–Ω–Ω–∏–µ –ø–æ—Ç–µ—Ä–∏ –∏ –Ω–µ–º–Ω–æ–≥–æ –ø–æ–≤—ã—Å–∏–ª—Å—è –≤ –ø–∞—Ä–µ —Å —é–∞–Ω–µ–º

–ö—É—Ä—Å —é–∞–Ω—è —Å–æ—Å—Ç–∞–≤–∏–ª 11,81 —Ä—É–±. –≤ 19:00, —á—Ç–æ –Ω–∞ 6,15 –∫–æ–ø–µ–π–∫–∏ –Ω–∏–∂–µ —É—Ä–æ–≤–Ω—è –∑–∞–∫—Ä—ã—Ç–∏—è –ø—Ä–µ–¥—ã–¥—É—â–∏—Ö —Ç–æ—Ä–≥–æ–≤.

–ù–∞ –æ—Å–Ω–æ–≤–µ –¥–∞–Ω–Ω—ã—Ö –æ—Ç—á–µ—Ç–Ω–æ—Å—Ç–∏ –∫—Ä–µ–¥–∏—Ç–Ω—ã—Ö –æ—Ä–≥–∞–Ω–∏–∑–∞—Ü–∏–π –ø–æ —Ä–µ–∑—É–ª—å—Ç–∞—Ç–∞–º –º–µ–∂–±–∞–Ω–∫–æ–≤—Å–∫–∏—Ö –∫–æ–Ω–≤–µ—Ä—Å–∏–æ–Ω–Ω—ã—Ö –æ–ø–µ—Ä–∞—Ü–∏–π –Ω–∞ –≤–Ω–µ–±–∏—Ä–∂–µ–≤–æ–º –≤–∞–ª—é—Ç–Ω–æ–º —Ä—ã–Ω–∫–µ, –ø—Ä–æ–≤–µ–¥–µ–Ω–Ω—ã—Ö —Å 10:00 –¥–æ 15:30, –¶–ë –†–§ –ø–æ–¥–Ω—è–ª –æ—Ñ–∏—Ü–∏–∞–ª—å–Ω—ã–π –∫—É—Ä—Å –¥–æ–ª–ª–∞—Ä–∞ –Ω–∞ 3 –∏—é–ª—è –Ω–∞ 69,49 –∫–æ–ø–µ–π–∫–∏, –¥–æ 87,9921 —Ä—É–±., –∏ —É–º–µ–Ω—å—à–∏–ª –∫—É—Ä—Å –µ–≤—Ä–æ –Ω–∞ 26,32 –∫–æ–ø–µ–π–∫–∏, –¥–æ 93,695 —Ä—É–±.

@interfaxonline",2024-07-02T16:24:34+00:00,–ò–Ω—Ç–µ—Ä—Ñ–∞–∫—Å. –†—ã–Ω–∫–∏,https://t.me/ifax_go/11824,—Ç–µ—Ö–Ω–æ–ª–æ–≥–∏–∏,—Ä—É–±–ª—å –≤—Ç–æ—Ä–Ω–∏–∫ –æ—Ç—ã–≥—Ä–∞–ª —É—Ç—Ä–µ–Ω–Ω–∏–µ –ø–æ—Ç–µ—Ä–∏ –Ω–µ–º–Ω–æ–≥–æ –ø–æ–≤—ã—Å–∏–ª—Å—è –ø–∞—Ä–µ —é–∞–Ω–µ–º –∫—É—Ä—Å —é–∞–Ω—è —Å–æ—Å—Ç–∞–≤–∏–ª 1181 —Ä—É–± 1900 615 –∫–æ–ø–µ–π–∫–∏ –Ω–∏–∂–µ —É—Ä–æ–≤–Ω—è –∑–∞–∫—Ä—ã—Ç–∏—è –ø—Ä–µ–¥—ã–¥—É—â–∏—Ö —Ç–æ—Ä–≥–æ–≤ –æ—Å–Ω–æ–≤–µ –¥–∞–Ω–Ω—ã—Ö –æ—Ç—á–µ—Ç–Ω–æ—Å—Ç–∏ –∫—Ä–µ–¥–∏—Ç–Ω—ã—Ö –æ—Ä–≥–∞–Ω–∏–∑–∞—Ü–∏–π —Ä–µ–∑—É–ª—å—Ç–∞—Ç–∞–º –º–µ–∂–±–∞–Ω–∫–æ–≤—Å–∫–∏—Ö –∫–æ–Ω–≤–µ—Ä—Å–∏–æ–Ω–Ω—ã—Ö –æ–ø–µ—Ä–∞—Ü–∏–π –≤–Ω–µ–±–∏—Ä–∂–µ–≤–æ–º –≤–∞–ª—é—Ç–Ω–æ–º —Ä—ã–Ω–∫–µ –ø—Ä–æ–≤–µ–¥–µ–Ω–Ω—ã—Ö 1000 1530 —Ü–± —Ä—Ñ –ø–æ–¥–Ω—è–ª –æ—Ñ–∏—Ü–∏–∞–ª—å–Ω—ã–π –∫—É—Ä—Å –¥–æ–ª–ª–∞—Ä–∞ 3 –∏—é–ª—è 6949 –∫–æ–ø–µ–π–∫–∏ 879921 —Ä—É–± —É–º–µ–Ω—å—à–∏–ª –∫—É—Ä—Å –µ–≤—Ä–æ 2632 –∫–æ–ø–µ–π–∫–∏ 93695 —Ä—É–± interfaxonline,—Ä—É–±–ª—å –≤—Ç–æ—Ä–Ω–∏–∫ –æ—Ç—ã–≥—Ä–∞–ª —É—Ç—Ä–µ–Ω–Ω–∏–µ –ø–æ—Ç–µ—Ä–∏ –Ω–µ–º–Ω–æ–≥–æ –ø–æ–≤—ã—Å–∏–ª—Å—è –ø–∞—Ä–µ —é–∞–Ω–µ–º –∫—É—Ä—Å —é–∞–Ω—è —Å–æ—Å—Ç–∞–≤–∏–ª 1181 —Ä—É–± 1900 615 –∫–æ–ø–µ–π–∫–∏ –Ω–∏–∂–µ —É—Ä–æ–≤–Ω—è –∑–∞–∫—Ä—ã—Ç–∏—è –ø—Ä–µ–¥—ã–¥—É—â–∏—Ö —Ç–æ—Ä–≥–æ–≤ –æ—Å–Ω–æ–≤–µ –¥–∞–Ω–Ω—ã—Ö –æ—Ç—á–µ—Ç–Ω–æ—Å—Ç–∏ –∫—Ä–µ–¥–∏—Ç–Ω—ã—Ö –æ—Ä–≥–∞–Ω–∏–∑–∞—Ü–∏–π —Ä–µ–∑—É–ª—å—Ç–∞—Ç–∞–º –º–µ–∂–±–∞–Ω–∫–æ–≤—Å–∫–∏—Ö –∫–æ–Ω–≤–µ—Ä—Å–∏–æ–Ω–Ω—ã—Ö –æ–ø–µ—Ä–∞—Ü–∏–π –≤–Ω–µ–±–∏—Ä–∂–µ–≤–æ–º –≤–∞–ª—é—Ç–Ω–æ–º —Ä—ã–Ω–∫–µ –ø—Ä–æ–≤–µ–¥–µ–Ω–Ω—ã—Ö 1000 1530 —Ü–± —Ä—Ñ –ø–æ–¥–Ω—è–ª –æ—Ñ–∏—Ü–∏–∞–ª—å–Ω—ã–π –∫—É—Ä—Å –¥–æ–ª–ª–∞—Ä–∞ 3 –∏—é–ª—è 6949 –∫–æ–ø–µ–π–∫–∏ 879921 —Ä—É–± —É–º–µ–Ω—å—à–∏–ª –∫—É—Ä—Å –µ–≤—Ä–æ 2632 –∫–æ–ø–µ–π–∫–∏ 93695 —Ä—É–± interfaxonline –ò–Ω—Ç–µ—Ä—Ñ–∞–∫—Å. –†—ã–Ω–∫–∏,–†—É–±–ª—å –≤–æ –≤—Ç–æ—Ä–Ω–∏–∫ –æ—Ç—ã–≥—Ä–∞–ª —É—Ç—Ä–µ–Ω–Ω–∏–µ –ø–æ—Ç–µ—Ä–∏ –∏ –Ω–µ–º–Ω–æ–≥–æ –ø–æ–≤—ã—Å–∏–ª—Å—è –≤ –ø–∞—Ä–µ —Å —é–∞–Ω–µ–º
üá∑üá∫ –†—ã–Ω–æ–∫ –∞–∫—Ü–∏–π –†–§ –≤–æ –≤—Ç–æ—Ä–Ω–∏–∫ –ø—Ä–µ–≤—ã—Å–∏–ª 3200–ø –ø–æ –∏–Ω–¥–µ–∫—Å—É –ú–æ—Å–ë–∏—Ä–∂–∏,"üá∑üá∫ –†—ã–Ω–æ–∫ –∞–∫—Ü–∏–π –†–§ –≤–æ –≤—Ç–æ—Ä–Ω–∏–∫ –ø—Ä–µ–≤—ã—Å–∏–ª 3200–ø –ø–æ –∏–Ω–¥–µ–∫—Å—É –ú–æ—Å–ë–∏—Ä–∂–∏

–†—ã–Ω–æ–∫ –∞–∫—Ü–∏–π –†–§ –≤–æ –≤—Ç–æ—Ä–Ω–∏–∫ –ø—Ä–æ–¥–µ–º–æ–Ω—Å—Ç—Ä–∏—Ä–æ–≤–∞–ª —Å–º–µ—à–∞–Ω–Ω—É—é –¥–∏–Ω–∞–º–∏–∫—É —Ü–µ–Ω blue chips –Ω–∞ —Ñ–æ–Ω–µ —Ä–∞–∑–Ω–æ–ø–æ–ª—è—Ä–Ω—ã—Ö —Å–∏–≥–Ω–∞–ª–æ–≤ —Å –≤–Ω–µ—à–Ω–∏—Ö —Ñ–æ–Ω–¥–æ–≤—ã—Ö –ø–ª–æ—â–∞–¥–æ–∫ –∏ –ª–æ–∫–∞–ª—å–Ω–æ –ø–æ–¥—Ä–æ—Å—à–µ–π –Ω–µ—Ñ—Ç–∏ (Brent –ø—Ä–æ—Ç–µ—Å—Ç–∏—Ä–æ–≤–∞–ª–∞ $87 –∑–∞ –±–∞—Ä—Ä–µ–ª—å, –ø–æ—Å–ª–µ —á–µ–≥–æ –æ—Ç–∫–∞—Ç–∏–ª–∞—Å—å). –ò–Ω–¥–µ–∫—Å –ú–æ—Å–ë–∏—Ä–∂–∏ —É–≤–µ—Ä–µ–Ω–Ω–æ –ø—Ä–µ–≤—ã—Å–∏–ª —Ä—É–±–µ–∂ 3200 –ø—É–Ω–∫—Ç–æ–≤ –Ω–∞ —Ñ–æ–Ω–µ –æ—Å–ª–∞–±–ª–µ–Ω–∏—è —Ä—É–±–ª—è, –ø—Ä–∏ —ç—Ç–æ–º –ª–æ–∫–æ–º–æ—Ç–∏–≤–æ–º —Ä–æ—Å—Ç–∞ –≤—ã—Å—Ç—É–ø–∏–ª–∏ –±—É–º–∞–≥–∏ ""–ì–∞–∑–ø—Ä–æ–º–∞"" (+5,9%) –∏ ""–ù–û–í–ê–¢–≠–ö–∞"" (+4,4%).

–ü–æ –∏—Ç–æ–≥–∞–º —Ç–æ—Ä–≥–æ–≤ –∏–Ω–¥–µ–∫—Å –ú–æ—Å–ë–∏—Ä–∂–∏ —Å–æ—Å—Ç–∞–≤–∏–ª 3217,29 –ø—É–Ω–∫—Ç–∞ (+1%), –∏–Ω–¥–µ–∫—Å –†–¢–° - 1151,82 –ø—É–Ω–∫—Ç–∞ (+0,2%); —Ü–µ–Ω—ã –±–æ–ª—å—à–∏–Ω—Å—Ç–≤–∞ ""–≥–æ–ª—É–±—ã—Ö —Ñ–∏—à–µ–∫"" –Ω–∞ –ú–æ—Å–±–∏—Ä–∂–µ –∏–∑–º–µ–Ω–∏–ª–∏—Å—å –≤ –ø—Ä–µ–¥–µ–ª–∞—Ö 4,4%.

–û—Ñ–∏—Ü–∏–∞–ª—å–Ω—ã–π –∫—É—Ä—Å –¥–æ–ª–ª–∞—Ä–∞ –°–®–ê, —É—Å—Ç–∞–Ω–æ–≤–ª–µ–Ω–Ω—ã–π –¶–ë –†–§ —Å 3 –∏—é–ª—è, —Å–æ—Å—Ç–∞–≤–∏–ª 87,9921 —Ä—É–±. (+0,6949 —Ä—É–±–ª—è).

@ifax_go",2024-07-02T16:11:57+00:00,–ò–Ω—Ç–µ—Ä—Ñ–∞–∫—Å. –†—ã–Ω–∫–∏,https://t.me/ifax_go/11823,—Ç–µ—Ö–Ω–æ–ª–æ–≥–∏–∏,—Ä—ã–Ω–æ–∫ –∞–∫—Ü–∏–π —Ä—Ñ –≤—Ç–æ—Ä–Ω–∏–∫ –ø—Ä–µ–≤—ã—Å–∏–ª 3200–ø –∏–Ω–¥–µ–∫—Å—É –º–æ—Å–±–∏—Ä–∂–∏ —Ä—ã–Ω–æ–∫ –∞–∫—Ü–∏–π —Ä—Ñ –≤—Ç–æ—Ä–Ω–∏–∫ –ø—Ä–æ–¥–µ–º–æ–Ω—Å—Ç—Ä–∏—Ä–æ–≤–∞–ª —Å–º–µ—à–∞–Ω–Ω—É—é –¥–∏–Ω–∞–º–∏–∫—É —Ü–µ–Ω blue chip —Ñ–æ–Ω–µ —Ä–∞–∑–Ω–æ–ø–æ–ª—è—Ä–Ω—ã—Ö —Å–∏–≥–Ω–∞–ª–æ–≤ –≤–Ω–µ—à–Ω–∏—Ö —Ñ–æ–Ω–¥–æ–≤—ã—Ö –ø–ª–æ—â–∞–¥–æ–∫ –ª–æ–∫–∞–ª—å–Ω–æ –ø–æ–¥—Ä–æ—Å—à–µ–π –Ω–µ—Ñ—Ç–∏ brent –ø—Ä–æ—Ç–µ—Å—Ç–∏—Ä–æ–≤–∞–ª–∞ 87 –±–∞—Ä—Ä–µ–ª—å –æ—Ç–∫–∞—Ç–∏–ª–∞—Å—å –∏–Ω–¥–µ–∫—Å –º–æ—Å–±–∏—Ä–∂–∏ —É–≤–µ—Ä–µ–Ω–Ω–æ –ø—Ä–µ–≤—ã—Å–∏–ª —Ä—É–±–µ–∂ 3200 –ø—É–Ω–∫—Ç–æ–≤ —Ñ–æ–Ω–µ –æ—Å–ª–∞–±–ª–µ–Ω–∏—è —Ä—É–±–ª—è –ª–æ–∫–æ–º–æ—Ç–∏–≤–æ–º —Ä–æ—Å—Ç–∞ –≤—ã—Å—Ç—É–ø–∏–ª–∏ –±—É–º–∞–≥–∏ –≥–∞–∑–ø—Ä–æ–º–∞ 59 –Ω–æ–≤–∞—Ç—ç–∫–∞ 44 –∏—Ç–æ–≥–∞–º —Ç–æ—Ä–≥–æ–≤ –∏–Ω–¥–µ–∫—Å –º–æ—Å–±–∏—Ä–∂–∏ —Å–æ—Å—Ç–∞–≤–∏–ª 321729 –ø—É–Ω–∫—Ç–∞ 1 –∏–Ω–¥–µ–∫—Å —Ä—Ç—Å 115182 –ø—É–Ω–∫—Ç–∞ 02 —Ü–µ–Ω—ã –±–æ–ª—å—à–∏–Ω—Å—Ç–≤–∞ –≥–æ–ª—É–±—ã—Ö —Ñ–∏—à–µ–∫ –º–æ—Å–±–∏—Ä–∂–µ –∏–∑–º–µ–Ω–∏–ª–∏—Å—å –ø—Ä–µ–¥–µ–ª–∞—Ö 44 –æ—Ñ–∏—Ü–∏–∞–ª—å–Ω—ã–π –∫—É—Ä—Å –¥–æ–ª–ª–∞—Ä–∞ —Å—à–∞ —É—Å—Ç–∞–Ω–æ–≤–ª–µ–Ω–Ω—ã–π —Ü–± —Ä—Ñ 3 –∏—é–ª—è —Å–æ—Å—Ç–∞–≤–∏–ª 879921 —Ä—É–± 06949 —Ä—É–±–ª—è ifaxgo,—Ä—ã–Ω–æ–∫ –∞–∫—Ü–∏–π —Ä—Ñ –≤—Ç–æ—Ä–Ω–∏–∫ –ø—Ä–µ–≤—ã—Å–∏–ª 3200–ø –∏–Ω–¥–µ–∫—Å—É –º–æ—Å–±–∏—Ä–∂–∏ —Ä—ã–Ω–æ–∫ –∞–∫—Ü–∏–π —Ä—Ñ –≤—Ç–æ—Ä–Ω–∏–∫ –ø—Ä–æ–¥–µ–º–æ–Ω—Å—Ç—Ä–∏—Ä–æ–≤–∞–ª —Å–º–µ—à–∞–Ω–Ω—É—é –¥–∏–Ω–∞–º–∏–∫—É —Ü–µ–Ω blue chip —Ñ–æ–Ω–µ —Ä–∞–∑–Ω–æ–ø–æ–ª—è—Ä–Ω—ã—Ö —Å–∏–≥–Ω–∞–ª–æ–≤ –≤–Ω–µ—à–Ω–∏—Ö —Ñ–æ–Ω–¥–æ–≤—ã—Ö –ø–ª–æ—â–∞–¥–æ–∫ –ª–æ–∫–∞–ª—å–Ω–æ –ø–æ–¥—Ä–æ—Å—à–µ–π –Ω–µ—Ñ—Ç–∏ brent –ø—Ä–æ—Ç–µ—Å—Ç–∏—Ä–æ–≤–∞–ª–∞ 87 –±–∞—Ä—Ä–µ–ª—å –æ—Ç–∫–∞—Ç–∏–ª–∞—Å—å –∏–Ω–¥–µ–∫—Å –º–æ—Å–±–∏—Ä–∂–∏ —É–≤–µ—Ä–µ–Ω–Ω–æ –ø—Ä–µ–≤—ã—Å–∏–ª —Ä—É–±–µ–∂ 3200 –ø—É–Ω–∫—Ç–æ–≤ —Ñ–æ–Ω–µ –æ—Å–ª–∞–±–ª–µ–Ω–∏—è —Ä—É–±–ª—è –ª–æ–∫–æ–º–æ—Ç–∏–≤–æ–º —Ä–æ—Å—Ç–∞ –≤—ã—Å—Ç—É–ø–∏–ª–∏ –±—É–º–∞–≥–∏ –≥–∞–∑–ø—Ä–æ–º–∞ 59 –Ω–æ–≤–∞—Ç—ç–∫–∞ 44 –∏—Ç–æ–≥–∞–º —Ç–æ—Ä–≥–æ–≤ –∏–Ω–¥–µ–∫—Å –º–æ—Å–±–∏—Ä–∂–∏ —Å–æ—Å—Ç–∞–≤–∏–ª 321729 –ø—É–Ω–∫—Ç–∞ 1 –∏–Ω–¥–µ–∫—Å —Ä—Ç—Å 115182 –ø—É–Ω–∫—Ç–∞ 02 —Ü–µ–Ω—ã –±–æ–ª—å—à–∏–Ω—Å—Ç–≤–∞ –≥–æ–ª—É–±—ã—Ö —Ñ–∏—à–µ–∫ –º–æ—Å–±–∏—Ä–∂–µ –∏–∑–º–µ–Ω–∏–ª–∏—Å—å –ø—Ä–µ–¥–µ–ª–∞—Ö 44 –æ—Ñ–∏—Ü–∏–∞–ª—å–Ω—ã–π –∫—É—Ä—Å –¥–æ–ª–ª–∞—Ä–∞ —Å—à–∞ —É—Å—Ç–∞–Ω–æ–≤–ª–µ–Ω–Ω—ã–π —Ü–± —Ä—Ñ 3 –∏—é–ª—è —Å–æ—Å—Ç–∞–≤–∏–ª 879921 —Ä—É–± 06949 —Ä—É–±–ª—è ifaxgo –ò–Ω—Ç–µ—Ä—Ñ–∞–∫—Å. –†—ã–Ω–∫–∏,–†—ã–Ω–æ–∫ –∞–∫—Ü–∏–π –†–§ –≤–æ –≤—Ç–æ—Ä–Ω–∏–∫ –ø—Ä–µ–≤—ã—Å–∏–ª 3200–ø –ø–æ –∏–Ω–¥–µ–∫—Å—É –ú–æ—Å–ë–∏—Ä–∂–∏
"–û–±—ä–µ–º —Ç–æ—Ä–≥–æ–≤ –ú–æ—Å–±–∏—Ä–∂–∏ –≤ –∏—é–Ω–µ –≤—ã—Ä–æ—Å –Ω–∞ 17,8% –≥–æ–¥ –∫ –≥–æ–¥—É","–û–±—ä–µ–º —Ç–æ—Ä–≥–æ–≤ –ú–æ—Å–±–∏—Ä–∂–∏ –≤ –∏—é–Ω–µ –≤—ã—Ä–æ—Å –Ω–∞ 17,8% –≥–æ–¥ –∫ –≥–æ–¥—É

–°–æ–≤–æ–∫—É–ø–Ω—ã–π –æ–±—ä–µ–º —Ç–æ—Ä–≥–æ–≤ –Ω–∞ —Ä—ã–Ω–∫–∞—Ö ""–ú–æ—Å–∫–æ–≤—Å–∫–æ–π –±–∏—Ä–∂–∏"" –≤ –∏—é–Ω–µ 2024 –≥–æ–¥–∞ –ø–æ —Å—Ä–∞–≤–Ω–µ–Ω–∏—é —Å –∏—é–Ω–µ–º 2023 –≥–æ–¥–∞ —É–≤–µ–ª–∏—á–∏–ª—Å—è –Ω–∞ 17,8%, –¥–æ 114,6 —Ç—Ä–ª–Ω —Ä—É–±–ª–µ–π —Å 97,3 —Ç—Ä–ª–Ω —Ä—É–±–ª–µ–π, —Å–æ–æ–±—â–∞–µ—Ç—Å—è –≤ –ø—Ä–µ—Å—Å-—Ä–µ–ª–∏–∑–µ –±–∏—Ä–∂–∏.

–ü–æ —Å—Ä–∞–≤–Ω–µ–Ω–∏—é —Å –º–∞–µ–º 2024 –≥–æ–¥–∞ –æ–±—ä–µ–º —Ç–æ—Ä–≥–æ–≤ —Å–Ω–∏–∑–∏–ª—Å—è –Ω–∞ 9,5% —Å–æ 126,7 —Ç—Ä–ª–Ω —Ä—É–±–ª–µ–π.

–ù–æ–≤–æ—Å—Ç—å –¥–æ–ø–æ–ª–Ω—è–µ—Ç—Å—è

@ifax_go",2024-07-02T14:58:23+00:00,–ò–Ω—Ç–µ—Ä—Ñ–∞–∫—Å. –†—ã–Ω–∫–∏,https://t.me/ifax_go/11822,—Ç–µ—Ö–Ω–æ–ª–æ–≥–∏–∏,–æ–±—ä–µ–º —Ç–æ—Ä–≥–æ–≤ –º–æ—Å–±–∏—Ä–∂–∏ –∏—é–Ω–µ –≤—ã—Ä–æ—Å 178 –≥–æ–¥ –≥–æ–¥—É —Å–æ–≤–æ–∫—É–ø–Ω—ã–π –æ–±—ä–µ–º —Ç–æ—Ä–≥–æ–≤ —Ä—ã–Ω–∫–∞—Ö –º–æ—Å–∫–æ–≤—Å–∫–æ–π –±–∏—Ä–∂–∏ –∏—é–Ω–µ 2024 –≥–æ–¥–∞ —Å—Ä–∞–≤–Ω–µ–Ω–∏—é –∏—é–Ω–µ–º 2023 –≥–æ–¥–∞ —É–≤–µ–ª–∏—á–∏–ª—Å—è 178 1146 —Ç—Ä–ª–Ω —Ä—É–±–ª–µ–π 973 —Ç—Ä–ª–Ω —Ä—É–±–ª–µ–π —Å–æ–æ–±—â–∞–µ—Ç—Å—è –ø—Ä–µ—Å—Å—Ä–µ–ª–∏–∑–µ –±–∏—Ä–∂–∏ —Å—Ä–∞–≤–Ω–µ–Ω–∏—é –º–∞–µ–º 2024 –≥–æ–¥–∞ –æ–±—ä–µ–º —Ç–æ—Ä–≥–æ–≤ —Å–Ω–∏–∑–∏–ª—Å—è 95 1267 —Ç—Ä–ª–Ω —Ä—É–±–ª–µ–π –Ω–æ–≤–æ—Å—Ç—å –¥–æ–ø–æ–ª–Ω—è–µ—Ç—Å—è ifaxgo,–æ–±—ä–µ–º —Ç–æ—Ä–≥–æ–≤ –º–æ—Å–±–∏—Ä–∂–∏ –∏—é–Ω–µ –≤—ã—Ä–æ—Å 178 –≥–æ–¥ –≥–æ–¥—É —Å–æ–≤–æ–∫—É–ø–Ω—ã–π –æ–±—ä–µ–º —Ç–æ—Ä–≥–æ–≤ —Ä—ã–Ω–∫–∞—Ö –º–æ—Å–∫–æ–≤—Å–∫–æ–π –±–∏—Ä–∂–∏ –∏—é–Ω–µ 2024 –≥–æ–¥–∞ —Å—Ä–∞–≤–Ω–µ–Ω–∏—é –∏—é–Ω–µ–º 2023 –≥–æ–¥–∞ —É–≤–µ–ª–∏—á–∏–ª—Å—è 178 1146 —Ç—Ä–ª–Ω —Ä—É–±–ª–µ–π 973 —Ç—Ä–ª–Ω —Ä—É–±–ª–µ–π —Å–æ–æ–±—â–∞–µ—Ç—Å—è –ø—Ä–µ—Å—Å—Ä–µ–ª–∏–∑–µ –±–∏—Ä–∂–∏ —Å—Ä–∞–≤–Ω–µ–Ω–∏—é –º–∞–µ–º 2024 –≥–æ–¥–∞ –æ–±—ä–µ–º —Ç–æ—Ä–≥–æ–≤ —Å–Ω–∏–∑–∏–ª—Å—è 95 1267 —Ç—Ä–ª–Ω —Ä—É–±–ª–µ–π –Ω–æ–≤–æ—Å—Ç—å –¥–æ–ø–æ–ª–Ω—è–µ—Ç—Å—è ifaxgo –ò–Ω—Ç–µ—Ä—Ñ–∞–∫—Å. –†—ã–Ω–∫–∏,"–û–±—ä–µ–º —Ç–æ—Ä–≥–æ–≤ –ú–æ—Å–±–∏—Ä–∂–∏ –≤ –∏—é–Ω–µ –≤—ã—Ä–æ—Å –Ω–∞ 17,8% –≥–æ–¥ –∫ –≥–æ–¥—É"
–ü—Ä–µ–¥—Å–µ–¥–∞—Ç–µ–ª—å –§–†–° –ü–∞—É—ç–ª–ª –æ—Ç–º–µ—Ç–∏–ª –≤–æ–∑–æ–±–Ω–æ–≤–ª–µ–Ω–∏–µ –∑–∞–º–µ–¥–ª–µ–Ω–∏—è –∏–Ω—Ñ–ª—è—Ü–∏–∏ –≤ –°–®–ê,"–ü—Ä–µ–¥—Å–µ–¥–∞—Ç–µ–ª—å –§–†–° –ü–∞—É—ç–ª–ª –æ—Ç–º–µ—Ç–∏–ª –≤–æ–∑–æ–±–Ω–æ–≤–ª–µ–Ω–∏–µ –∑–∞–º–µ–¥–ª–µ–Ω–∏—è –∏–Ω—Ñ–ª—è—Ü–∏–∏ –≤ –°–®–ê

–î–∞–Ω–Ω—ã–µ –æ–± –∏–Ω—Ñ–ª—è—Ü–∏–∏ –≤ –°–æ–µ–¥–∏–Ω–µ–Ω–Ω—ã—Ö –®—Ç–∞—Ç–∞—Ö —Å–∏–≥–Ω–∞–ª–∏–∑–∏—Ä—É—é—Ç –æ —Ç–æ–º, —á—Ç–æ —Ç—Ä–µ–Ω–¥ –Ω–∞ –∑–∞–º–µ–¥–ª–µ–Ω–∏–µ —Ç–µ–º–ø–æ–≤ —Ä–æ—Å—Ç–∞ –ø–æ—Ç—Ä–µ–±–∏—Ç–µ–ª—å—Å–∫–∏—Ö —Ü–µ–Ω –≤–æ–∑–æ–±–Ω–æ–≤–∏–ª—Å—è, –∑–∞—è–≤–∏–ª –ø—Ä–µ–¥—Å–µ–¥–∞—Ç–µ–ª—å –§–µ–¥–µ—Ä–∞–ª—å–Ω–æ–π —Ä–µ–∑–µ—Ä–≤–Ω–æ–π —Å–∏—Å—Ç–µ–º—ã (–§–†–°) –°–®–ê –î–∂–µ—Ä–æ–º –ü–∞—É—ç–ª–ª.

""–ú—ã –±—ã —Ö–æ—Ç–µ–ª–∏ —É–≤–∏–¥–µ—Ç—å –±–æ–ª—å—à–µ –¥–∞–Ω–Ω—ã—Ö, –ø–æ–¥–æ–±–Ω—ã—Ö —Ç–µ–º, –∫–æ—Ç–æ—Ä—ã–µ –º—ã –Ω–∞–±–ª—é–¥–∞–ª–∏ –≤ –ø–æ—Å–ª–µ–¥–Ω–µ–µ –≤—Ä–µ–º—è"", - —Å–∫–∞–∑–∞–ª –ü–∞—É—ç–ª–ª, –≤—ã—Å—Ç—É–ø–∞—è –Ω–∞ —Ñ–æ—Ä—É–º–µ –ï–¶–ë –≤ –°–∏–Ω—Ç—Ä–µ.

""–î–∞, –º—ã –¥–æ—Å—Ç–∏–≥–ª–∏ –±–æ–ª—å—à–æ–≥–æ –ø—Ä–æ–≥—Ä–µ—Å—Å–∞"" –≤ –ø–ª–∞–Ω–µ –∑–∞–º–µ–¥–ª–µ–Ω–∏—è –∏–Ω—Ñ–ª—è—Ü–∏–∏, –¥–æ–±–∞–≤–∏–ª –æ–Ω.

@ifax_go",2024-07-02T14:43:31+00:00,–ò–Ω—Ç–µ—Ä—Ñ–∞–∫—Å. –†—ã–Ω–∫–∏,https://t.me/ifax_go/11820,—Ç–µ—Ö–Ω–æ–ª–æ–≥–∏–∏,–ø—Ä–µ–¥—Å–µ–¥–∞—Ç–µ–ª—å —Ñ—Ä—Å –ø–∞—É—ç–ª–ª –æ—Ç–º–µ—Ç–∏–ª –≤–æ–∑–æ–±–Ω–æ–≤–ª–µ–Ω–∏–µ –∑–∞–º–µ–¥–ª–µ–Ω–∏—è –∏–Ω—Ñ–ª—è—Ü–∏–∏ —Å—à–∞ –¥–∞–Ω–Ω—ã–µ –∏–Ω—Ñ–ª—è—Ü–∏–∏ —Å–æ–µ–¥–∏–Ω–µ–Ω–Ω—ã—Ö —à—Ç–∞—Ç–∞—Ö —Å–∏–≥–Ω–∞–ª–∏–∑–∏—Ä—É—é—Ç —Ç—Ä–µ–Ω–¥ –∑–∞–º–µ–¥–ª–µ–Ω–∏–µ —Ç–µ–º–ø–æ–≤ —Ä–æ—Å—Ç–∞ –ø–æ—Ç—Ä–µ–±–∏—Ç–µ–ª—å—Å–∫–∏—Ö —Ü–µ–Ω –≤–æ–∑–æ–±–Ω–æ–≤–∏–ª—Å—è –∑–∞—è–≤–∏–ª –ø—Ä–µ–¥—Å–µ–¥–∞—Ç–µ–ª—å —Ñ–µ–¥–µ—Ä–∞–ª—å–Ω–æ–π —Ä–µ–∑–µ—Ä–≤–Ω–æ–π —Å–∏—Å—Ç–µ–º—ã —Ñ—Ä—Å —Å—à–∞ –¥–∂–µ—Ä–æ–º –ø–∞—É—ç–ª–ª —Ö–æ—Ç–µ–ª–∏ —É–≤–∏–¥–µ—Ç—å –¥–∞–Ω–Ω—ã—Ö –ø–æ–¥–æ–±–Ω—ã—Ö –∫–æ—Ç–æ—Ä—ã–µ –Ω–∞–±–ª—é–¥–∞–ª–∏ –ø–æ—Å–ª–µ–¥–Ω–µ–µ –≤—Ä–µ–º—è —Å–∫–∞–∑–∞–ª –ø–∞—É—ç–ª–ª –≤—ã—Å—Ç—É–ø–∞—è —Ñ–æ—Ä—É–º–µ –µ—Ü–± —Å–∏–Ω—Ç—Ä–µ –¥–æ—Å—Ç–∏–≥–ª–∏ –±–æ–ª—å—à–æ–≥–æ –ø—Ä–æ–≥—Ä–µ—Å—Å–∞ –ø–ª–∞–Ω–µ –∑–∞–º–µ–¥–ª–µ–Ω–∏—è –∏–Ω—Ñ–ª—è—Ü–∏–∏ –¥–æ–±–∞–≤–∏–ª ifaxgo,–ø—Ä–µ–¥—Å–µ–¥–∞—Ç–µ–ª—å —Ñ—Ä—Å –ø–∞—É—ç–ª–ª –æ—Ç–º–µ—Ç–∏–ª –≤–æ–∑–æ–±–Ω–æ–≤–ª–µ–Ω–∏–µ –∑–∞–º–µ–¥–ª–µ–Ω–∏—è –∏–Ω—Ñ–ª—è—Ü–∏–∏ —Å—à–∞ –¥–∞–Ω–Ω—ã–µ –∏–Ω—Ñ–ª—è—Ü–∏–∏ —Å–æ–µ–¥–∏–Ω–µ–Ω–Ω—ã—Ö —à—Ç–∞—Ç–∞—Ö —Å–∏–≥–Ω–∞–ª–∏–∑–∏—Ä—É—é—Ç —Ç—Ä–µ–Ω–¥ –∑–∞–º–µ–¥–ª–µ–Ω–∏–µ —Ç–µ–º–ø–æ–≤ —Ä–æ—Å—Ç–∞ –ø–æ—Ç—Ä–µ–±–∏—Ç–µ–ª—å—Å–∫–∏—Ö —Ü–µ–Ω –≤–æ–∑–æ–±–Ω–æ–≤–∏–ª—Å—è –∑–∞—è–≤–∏–ª –ø—Ä–µ–¥—Å–µ–¥–∞—Ç–µ–ª—å —Ñ–µ–¥–µ—Ä–∞–ª—å–Ω–æ–π —Ä–µ–∑–µ—Ä–≤–Ω–æ–π —Å–∏—Å—Ç–µ–º—ã —Ñ—Ä—Å —Å—à–∞ –¥–∂–µ—Ä–æ–º –ø–∞—É—ç–ª–ª —Ö–æ—Ç–µ–ª–∏ —É–≤–∏–¥–µ—Ç—å –¥–∞–Ω–Ω—ã—Ö –ø–æ–¥–æ–±–Ω—ã—Ö –∫–æ—Ç–æ—Ä—ã–µ –Ω–∞–±–ª—é–¥–∞–ª–∏ –ø–æ—Å–ª–µ–¥–Ω–µ–µ –≤—Ä–µ–º—è —Å–∫–∞–∑–∞–ª –ø–∞—É—ç–ª–ª –≤—ã—Å—Ç—É–ø–∞—è —Ñ–æ—Ä—É–º–µ –µ—Ü–± —Å–∏–Ω—Ç—Ä–µ –¥–æ—Å—Ç–∏–≥–ª–∏ –±–æ–ª—å—à–æ–≥–æ –ø—Ä–æ–≥—Ä–µ—Å—Å–∞ –ø–ª–∞–Ω–µ –∑–∞–º–µ–¥–ª–µ–Ω–∏—è –∏–Ω—Ñ–ª—è—Ü–∏–∏ –¥–æ–±–∞–≤–∏–ª ifaxgo –ò–Ω—Ç–µ—Ä—Ñ–∞–∫—Å. –†—ã–Ω–∫–∏,–ü–∞—É—ç–ª–ª –æ—Ç–º–µ—Ç–∏–ª –≤–æ–∑–æ–±–Ω–æ–≤–ª–µ–Ω–∏–µ –∑–∞–º–µ–¥–ª–µ–Ω–∏—è –∏–Ω—Ñ–ª—è—Ü–∏–∏ –≤ –°–®–ê
"–ü–æ –¥–∞–Ω–Ω—ã–º –§–ù–°, –≤ –ø—Ä–æ—à–ª–æ–º –≥–æ–¥—É —Ä–æ—Å—Å–∏–π—Å–∫–∏–µ –∫–æ–º–ø–∞–Ω–∏–∏ –∑–∞–ø–ª–∞—Ç–∏–ª–∏ 7,9 —Ç—Ä–ª–Ω —Ä—É–±–ª–µ–π –≤ –∫–∞—á–µ—Å—Ç–≤–µ –Ω–∞–ª–æ–≥–∞ –Ω–∞ –ø—Ä–∏–±—ã–ª—å, –∫–æ—Ç–æ—Ä–∞—è –∑–∞ 2023 –≥–æ–¥ –≤—ã—Ä–æ—Å–ª–∞ –Ω–∞ 23% –ø–æ —Å—Ä–∞–≤–Ω–µ–Ω–∏—é —Å –ø—Ä–µ–¥—ã–¥—É—â–∏–º –≥–æ–¥–æ–º, –¥–æ—Å—Ç–∏–≥–Ω—É–≤ 38,2 —Ç—Ä–ª–Ω —Ä—É–±–ª–µ–π. –î–æ—Ö–æ–¥—ã –æ—Ä–≥–∞–Ω–∏–∑–∞—Ü–∏–π –æ–ø—É—Å—Ç–∏–ª–∏—Å—å –Ω–∞ 36%, –¥–æ 814 —Ç—Ä–ª–Ω —Ä—É–±–ª–µ–π.","–ü–æ –¥–∞–Ω–Ω—ã–º –§–ù–°, –≤ –ø—Ä–æ—à–ª–æ–º –≥–æ–¥—É —Ä–æ—Å—Å–∏–π—Å–∫–∏–µ –∫–æ–º–ø–∞–Ω–∏–∏ –∑–∞–ø–ª–∞—Ç–∏–ª–∏ 7,9 —Ç—Ä–ª–Ω —Ä—É–±–ª–µ–π –≤ –∫–∞—á–µ—Å—Ç–≤–µ –Ω–∞–ª–æ–≥–∞ –Ω–∞ –ø—Ä–∏–±—ã–ª—å, –∫–æ—Ç–æ—Ä–∞—è –∑–∞ 2023 –≥–æ–¥ –≤—ã—Ä–æ—Å–ª–∞ –Ω–∞ 23% –ø–æ —Å—Ä–∞–≤–Ω–µ–Ω–∏—é —Å –ø—Ä–µ–¥—ã–¥—É—â–∏–º –≥–æ–¥–æ–º, –¥–æ—Å—Ç–∏–≥–Ω—É–≤ 38,2 —Ç—Ä–ª–Ω —Ä—É–±–ª–µ–π. –î–æ—Ö–æ–¥—ã –æ—Ä–≥–∞–Ω–∏–∑–∞—Ü–∏–π –æ–ø—É—Å—Ç–∏–ª–∏—Å—å –Ω–∞ 36%, –¥–æ 814 —Ç—Ä–ª–Ω —Ä—É–±–ª–µ–π.",2024-07-02T11:45:25+00:00,"–ö–°–¢–ê–¢–ò, —ç–∫–æ–Ω–æ–º–∏–∫–∞",https://t.me/kstati_e/487,—Ç–µ—Ö–Ω–æ–ª–æ–≥–∏–∏,–¥–∞–Ω–Ω—ã–º —Ñ–Ω—Å –ø—Ä–æ—à–ª–æ–º –≥–æ–¥—É —Ä–æ—Å—Å–∏–π—Å–∫–∏–µ –∫–æ–º–ø–∞–Ω–∏–∏ –∑–∞–ø–ª–∞—Ç–∏–ª–∏ 79 —Ç—Ä–ª–Ω —Ä—É–±–ª–µ–π –∫–∞—á–µ—Å—Ç–≤–µ –Ω–∞–ª–æ–≥–∞ –ø—Ä–∏–±—ã–ª—å –∫–æ—Ç–æ—Ä–∞—è 2023 –≥–æ–¥ –≤—ã—Ä–æ—Å–ª–∞ 23 —Å—Ä–∞–≤–Ω–µ–Ω–∏—é –ø—Ä–µ–¥—ã–¥—É—â–∏–º –≥–æ–¥–æ–º –¥–æ—Å—Ç–∏–≥–Ω—É–≤ 382 —Ç—Ä–ª–Ω —Ä—É–±–ª–µ–π –¥–æ—Ö–æ–¥—ã –æ—Ä–≥–∞–Ω–∏–∑–∞—Ü–∏–π –æ–ø—É—Å—Ç–∏–ª–∏—Å—å 36 814 —Ç—Ä–ª–Ω —Ä—É–±–ª–µ–π,"–¥–∞–Ω–Ω—ã–º —Ñ–Ω—Å –ø—Ä–æ—à–ª–æ–º –≥–æ–¥—É —Ä–æ—Å—Å–∏–π—Å–∫–∏–µ –∫–æ–º–ø–∞–Ω–∏–∏ –∑–∞–ø–ª–∞—Ç–∏–ª–∏ 79 —Ç—Ä–ª–Ω —Ä—É–±–ª–µ–π –∫–∞—á–µ—Å—Ç–≤–µ –Ω–∞–ª–æ–≥–∞ –ø—Ä–∏–±—ã–ª—å –∫–æ—Ç–æ—Ä–∞—è 2023 –≥–æ–¥ –≤—ã—Ä–æ—Å–ª–∞ 23 —Å—Ä–∞–≤–Ω–µ–Ω–∏—é –ø—Ä–µ–¥—ã–¥—É—â–∏–º –≥–æ–¥–æ–º –¥–æ—Å—Ç–∏–≥–Ω—É–≤ 382 —Ç—Ä–ª–Ω —Ä—É–±–ª–µ–π –¥–æ—Ö–æ–¥—ã –æ—Ä–≥–∞–Ω–∏–∑–∞—Ü–∏–π –æ–ø—É—Å—Ç–∏–ª–∏—Å—å 36 814 —Ç—Ä–ª–Ω —Ä—É–±–ª–µ–π –ö–°–¢–ê–¢–ò, —ç–∫–æ–Ω–æ–º–∏–∫–∞",–ù–∞–ª–æ–≥ –Ω–∞ –ø—Ä–∏–±—ã–ª—å –≤ –†–æ—Å—Å–∏–∏ –≤—ã—Ä–æ—Å –Ω–∞ 23%
–ê–Ω–∞–ª–∏—Ç–∏–∫–∏ CCData –Ω–µ –∏—Å–∫–ª—é—á–∏–ª–∏ –Ω–æ–≤—ã—Ö —Ä–µ–∫–æ—Ä–¥–æ–≤ –∫—É—Ä—Å–∞ –±–∏—Ç–∫–æ–π–Ω–∞ –≤ 2024 –≥–æ–¥—É,"–ê–Ω–∞–ª–∏—Ç–∏–∫–∏ CCData –Ω–µ –∏—Å–∫–ª—é—á–∏–ª–∏ –Ω–æ–≤—ã—Ö —Ä–µ–∫–æ—Ä–¥–æ–≤ –∫—É—Ä—Å–∞ –±–∏—Ç–∫–æ–π–Ω–∞ –≤ 2024 –≥–æ–¥—É

–ö—É—Ä—Å –±–∏—Ç–∫–æ–π–Ω–∞, –¥–æ—Å—Ç–∏–≥—à–∏–π –∏—Å—Ç–æ—Ä–∏—á–µ—Å–∫–∏—Ö –º–∞–∫—Å–∏–º—É–º–æ–≤ –≤ –º–∞—Ä—Ç–µ 2024 –≥–æ–¥–∞ –∏ —Å —Ç–µ—Ö –ø–æ—Ä —Å—É—â–µ—Å—Ç–≤–µ–Ω–Ω–æ —Å–Ω–∏–∑–∏–≤—à–∏–π—Å—è, –º–æ–∂–µ—Ç —Å–Ω–æ–≤–∞ —É—Å—Ç—Ä–µ–º–∏—Ç—å—Å—è –∫ —Ä–µ–∫–æ—Ä–¥–Ω—ã–º –∑–Ω–∞—á–µ–Ω–∏—è–º, –ø–æ–ª–∞–≥–∞—é—Ç —ç–∫—Å–ø–µ—Ä—Ç—ã –∞–Ω–∞–ª–∏—Ç–∏—á–µ—Å–∫–æ–π –∫–æ–º–ø–∞–Ω–∏–∏ CCData. –ò—Ö –æ–±–∑–æ—Ä CNBC.

–û–Ω–∏ –ø—Ä–æ–∞–Ω–∞–ª–∏–∑–∏—Ä–æ–≤–∞–ª–∏ –¥–∏–Ω–∞–º–∏–∫—É –∫—É—Ä—Å–∞ –±–∏—Ç–∫–æ–π–Ω–∞ –≤ —Ö–æ–¥–µ —Ç—Ä–µ—Ö –ø—Ä–µ–¥—ã–¥—É—â–∏—Ö —Ü–∏–∫–ª–æ–≤ —Ä–æ—Å—Ç–∞ –∏ —Å–Ω–∏–∂–µ–Ω–∏—è –∏ –ø—Ä–∏—à–ª–∏ –∫ –≤—ã–≤–æ–¥—É, —á—Ç–æ —Ç–µ–∫—É—â–∞—è —Ñ–∞–∑–∞ —Ä–æ—Å—Ç–∞ –º–æ–∂–µ—Ç –ø—Ä–æ–¥–ª–∏—Ç—å—Å—è –¥–æ –Ω–∞—á–∞–ª–∞ 2025 –≥–æ–¥–∞.

–û–Ω–∏ –ø—Ä–µ–¥—É–ø—Ä–µ–¥–∏–ª–∏, —á—Ç–æ ""–≤–ª–∏—è–Ω–∏–µ –∏–Ω—Å—Ç–∏—Ç—É—Ü–∏–æ–Ω–∞–ª—å–Ω—ã—Ö –∏–≥—Ä–æ–∫–æ–≤"" –≤ —Ö–æ–¥–µ —Ç–µ–∫—É—â–µ–≥–æ —Ü–∏–∫–ª–∞ ""–∏–∑–º–µ–Ω–∏–ª–æ –Ω–∞–±–ª—é–¥–∞–≤—à–∏–µ—Å—è —Ä–∞–Ω–µ–µ —Ç—Ä–µ–Ω–¥—ã"", –∏ –¥–æ–±–∞–≤–∏–ª–∏, —á—Ç–æ —Ç–æ—Ä–≥–æ–≤–∞—è –∞–∫—Ç–∏–≤–Ω–æ—Å—Ç—å –Ω–∞ —Ä—ã–Ω–∫–µ –∫—Ä–∏–ø—Ç–æ–≤–∞–ª—é—Ç –º–æ–∂–µ—Ç –±—ã—Ç—å –ø–æ–Ω–∏–∂–µ–Ω–Ω–æ–π –≤ —Ç—Ä–µ—Ç—å–µ–º –∫–≤–∞—Ä—Ç–∞–ª–µ, —á—Ç–æ –º–æ–∂–µ—Ç –ø—Ä–∏–≤–µ—Å—Ç–∏ –∫ –∫–æ–ª–µ–±–∞–Ω–∏—è–º –∫—É—Ä—Å–∞ –±–∏—Ç–∫–æ–π–Ω–∞.

@ifax_go",2024-07-02T14:43:40+00:00,–ò–Ω—Ç–µ—Ä—Ñ–∞–∫—Å. –†—ã–Ω–∫–∏,https://t.me/ifax_go/11821,—ç–∫–æ–Ω–æ–º–∏–∫–∞,–∞–Ω–∞–ª–∏—Ç–∏–∫–∏ ccdata –∏—Å–∫–ª—é—á–∏–ª–∏ –Ω–æ–≤—ã—Ö —Ä–µ–∫–æ—Ä–¥–æ–≤ –∫—É—Ä—Å–∞ –±–∏—Ç–∫–æ–π–Ω–∞ 2024 –≥–æ–¥—É –∫—É—Ä—Å –±–∏—Ç–∫–æ–π–Ω–∞ –¥–æ—Å—Ç–∏–≥—à–∏–π –∏—Å—Ç–æ—Ä–∏—á–µ—Å–∫–∏—Ö –º–∞–∫—Å–∏–º—É–º–æ–≤ –º–∞—Ä—Ç–µ 2024 –≥–æ–¥–∞ —Ç–µ—Ö –ø–æ—Ä —Å—É—â–µ—Å—Ç–≤–µ–Ω–Ω–æ —Å–Ω–∏–∑–∏–≤—à–∏–π—Å—è —Å–Ω–æ–≤–∞ —É—Å—Ç—Ä–µ–º–∏—Ç—å—Å—è —Ä–µ–∫–æ—Ä–¥–Ω—ã–º –∑–Ω–∞—á–µ–Ω–∏—è–º –ø–æ–ª–∞–≥–∞—é—Ç —ç–∫—Å–ø–µ—Ä—Ç—ã –∞–Ω–∞–ª–∏—Ç–∏—á–µ—Å–∫–æ–π –∫–æ–º–ø–∞–Ω–∏–∏ ccdata –æ–±–∑–æ—Ä cnbc –ø—Ä–æ–∞–Ω–∞–ª–∏–∑–∏—Ä–æ–≤–∞–ª–∏ –¥–∏–Ω–∞–º–∏–∫—É –∫—É—Ä—Å–∞ –±–∏—Ç–∫–æ–π–Ω–∞ —Ö–æ–¥–µ —Ç—Ä–µ—Ö –ø—Ä–µ–¥—ã–¥—É—â–∏—Ö —Ü–∏–∫–ª–æ–≤ —Ä–æ—Å—Ç–∞ —Å–Ω–∏–∂–µ–Ω–∏—è –ø—Ä–∏—à–ª–∏ –≤—ã–≤–æ–¥—É —Ç–µ–∫—É—â–∞—è —Ñ–∞–∑–∞ —Ä–æ—Å—Ç–∞ –ø—Ä–æ–¥–ª–∏—Ç—å—Å—è –Ω–∞—á–∞–ª–∞ 2025 –≥–æ–¥–∞ –ø—Ä–µ–¥—É–ø—Ä–µ–¥–∏–ª–∏ –≤–ª–∏—è–Ω–∏–µ –∏–Ω—Å—Ç–∏—Ç—É—Ü–∏–æ–Ω–∞–ª—å–Ω—ã—Ö –∏–≥—Ä–æ–∫–æ–≤ —Ö–æ–¥–µ —Ç–µ–∫—É—â–µ–≥–æ —Ü–∏–∫–ª–∞ –∏–∑–º–µ–Ω–∏–ª–æ –Ω–∞–±–ª—é–¥–∞–≤—à–∏–µ—Å—è —Ä–∞–Ω–µ–µ —Ç—Ä–µ–Ω–¥—ã –¥–æ–±–∞–≤–∏–ª–∏ —Ç–æ—Ä–≥–æ–≤–∞—è –∞–∫—Ç–∏–≤–Ω–æ—Å—Ç—å —Ä—ã–Ω–∫–µ –∫—Ä–∏–ø—Ç–æ–≤–∞–ª—é—Ç –ø–æ–Ω–∏–∂–µ–Ω–Ω–æ–π —Ç—Ä–µ—Ç—å–µ–º –∫–≤–∞—Ä—Ç–∞–ª–µ –ø—Ä–∏–≤–µ—Å—Ç–∏ –∫–æ–ª–µ–±–∞–Ω–∏—è–º –∫—É—Ä—Å–∞ –±–∏—Ç–∫–æ–π–Ω–∞ ifaxgo,–∞–Ω–∞–ª–∏—Ç–∏–∫–∏ ccdata –∏—Å–∫–ª—é—á–∏–ª–∏ –Ω–æ–≤—ã—Ö —Ä–µ–∫–æ—Ä–¥–æ–≤ –∫—É—Ä—Å–∞ –±–∏—Ç–∫–æ–π–Ω–∞ 2024 –≥–æ–¥—É –∫—É—Ä—Å –±–∏—Ç–∫–æ–π–Ω–∞ –¥–æ—Å—Ç–∏–≥—à–∏–π –∏—Å—Ç–æ—Ä–∏—á–µ—Å–∫–∏—Ö –º–∞–∫—Å–∏–º—É–º–æ–≤ –º–∞—Ä—Ç–µ 2024 –≥–æ–¥–∞ —Ç–µ—Ö –ø–æ—Ä —Å—É—â–µ—Å—Ç–≤–µ–Ω–Ω–æ —Å–Ω–∏–∑–∏–≤—à–∏–π—Å—è —Å–Ω–æ–≤–∞ —É—Å—Ç—Ä–µ–º–∏—Ç—å—Å—è —Ä–µ–∫–æ—Ä–¥–Ω—ã–º –∑–Ω–∞—á–µ–Ω–∏—è–º –ø–æ–ª–∞–≥–∞—é—Ç —ç–∫—Å–ø–µ—Ä—Ç—ã –∞–Ω–∞–ª–∏—Ç–∏—á–µ—Å–∫–æ–π –∫–æ–º–ø–∞–Ω–∏–∏ ccdata –æ–±–∑–æ—Ä cnbc –ø—Ä–æ–∞–Ω–∞–ª–∏–∑–∏—Ä–æ–≤–∞–ª–∏ –¥–∏–Ω–∞–º–∏–∫—É –∫—É—Ä—Å–∞ –±–∏—Ç–∫–æ–π–Ω–∞ —Ö–æ–¥–µ —Ç—Ä–µ—Ö –ø—Ä–µ–¥—ã–¥—É—â–∏—Ö —Ü–∏–∫–ª–æ–≤ —Ä–æ—Å—Ç–∞ —Å–Ω–∏–∂–µ–Ω–∏—è –ø—Ä–∏—à–ª–∏ –≤—ã–≤–æ–¥—É —Ç–µ–∫—É—â–∞—è —Ñ–∞–∑–∞ —Ä–æ—Å—Ç–∞ –ø—Ä–æ–¥–ª–∏—Ç—å—Å—è –Ω–∞—á–∞–ª–∞ 2025 –≥–æ–¥–∞ –ø—Ä–µ–¥—É–ø—Ä–µ–¥–∏–ª–∏ –≤–ª–∏—è–Ω–∏–µ –∏–Ω—Å—Ç–∏—Ç—É—Ü–∏–æ–Ω–∞–ª—å–Ω—ã—Ö –∏–≥—Ä–æ–∫–æ–≤ —Ö–æ–¥–µ —Ç–µ–∫—É—â–µ–≥–æ —Ü–∏–∫–ª–∞ –∏–∑–º–µ–Ω–∏–ª–æ –Ω–∞–±–ª—é–¥–∞–≤—à–∏–µ—Å—è —Ä–∞–Ω–µ–µ —Ç—Ä–µ–Ω–¥—ã –¥–æ–±–∞–≤–∏–ª–∏ —Ç–æ—Ä–≥–æ–≤–∞—è –∞–∫—Ç–∏–≤–Ω–æ—Å—Ç—å —Ä—ã–Ω–∫–µ –∫—Ä–∏–ø—Ç–æ–≤–∞–ª—é—Ç –ø–æ–Ω–∏–∂–µ–Ω–Ω–æ–π —Ç—Ä–µ—Ç—å–µ–º –∫–≤–∞—Ä—Ç–∞–ª–µ –ø—Ä–∏–≤–µ—Å—Ç–∏ –∫–æ–ª–µ–±–∞–Ω–∏—è–º –∫—É—Ä—Å–∞ –±–∏—Ç–∫–æ–π–Ω–∞ ifaxgo –ò–Ω—Ç–µ—Ä—Ñ–∞–∫—Å. –†—ã–Ω–∫–∏,–ê–Ω–∞–ª–∏—Ç–∏–∫–∏ CCData –Ω–µ –∏—Å–∫–ª—é—á–∏–ª–∏ –Ω–æ–≤—ã—Ö —Ä–µ–∫–æ—Ä–¥–æ–≤ –∫—É—Ä—Å–∞ –±–∏—Ç–∫–æ–π–Ω–∞ –≤ 2024 –≥–æ–¥—É
"–ê–∫—Ü–∏–æ–Ω–µ—Ä—ã ""–õ–µ–Ω–∑–æ–ª–æ—Ç–∞"" —É—Ç–≤–µ—Ä–¥–∏–ª–∏ –¥–∏–≤–∏–¥–µ–Ω–¥—ã-2023 –≤ —Ä–∞–∑–º–µ—Ä–µ 21,42 —Ä—É–±–ª—è –Ω–∞ ""–ø—Ä–µ—Ñ""","–ê–∫—Ü–∏–æ–Ω–µ—Ä—ã ""–õ–µ–Ω–∑–æ–ª–æ—Ç–∞"" —É—Ç–≤–µ—Ä–¥–∏–ª–∏ –¥–∏–≤–∏–¥–µ–Ω–¥—ã-2023 –≤ —Ä–∞–∑–º–µ—Ä–µ 21,42 —Ä—É–±–ª—è –Ω–∞ ""–ø—Ä–µ—Ñ""

–ê–∫—Ü–∏–æ–Ω–µ—Ä—ã –ü–ê–û ""–õ–µ–Ω–∑–æ–ª–æ—Ç–æ"" —É—Ç–≤–µ—Ä–¥–∏–ª–∏ –¥–∏–≤–∏–¥–µ–Ω–¥—ã –∑–∞ 2023 –≥–æ–¥ –≤ —Ä–∞–∑–º–µ—Ä–µ 21,42 —Ä—É–±–ª—è –Ω–∞ –ø—Ä–∏–≤–∏–ª–µ–≥–∏—Ä–æ–≤–∞–Ω–Ω—É—é –∞–∫—Ü–∏—é, –¥–∏–≤–∏–¥–µ–Ω–¥—ã –Ω–∞ –æ–±—ã–∫–Ω–æ–≤–µ–Ω–Ω—ã–µ –∞–∫—Ü–∏–∏ –≤—ã–ø–ª–∞—á–∏–≤–∞—Ç—å—Å—è –Ω–µ –±—É–¥—É—Ç, —Å–æ–æ–±—â–∏–ª–∞ –∫–æ–º–ø–∞–Ω–∏—è.

–í –æ–±—â–µ–π —Å–ª–æ–∂–Ω–æ—Å—Ç–∏ –≤—ã–ø–ª–∞—Ç—ã —Å–æ—Å—Ç–∞–≤—è—Ç 7,4 –º–ª–Ω —Ä—É–±–ª–µ–π. –≠—Ç–æ –ø–æ–ª–Ω–æ—Å—Ç—å—é —Å–æ–æ—Ç–≤–µ—Ç—Å—Ç–≤—É–µ—Ç —É—Å—Ç–∞–≤—É ""–õ–µ–Ω–∑–æ–ª–æ—Ç–∞"", –ø–æ –∫–æ—Ç–æ—Ä–æ–º—É –¥–∏–≤–∏–¥–µ–Ω–¥—ã –Ω–∞ –ø—Ä–∏–≤–∏–ª–µ–≥–∏—Ä–æ–≤–∞–Ω–Ω—ã–µ –∞–∫—Ü–∏–∏ –¥–æ–ª–∂–Ω—ã —Å–æ—Å—Ç–∞–≤–ª—è—Ç—å –Ω–µ –º–µ–Ω–µ–µ 6,9% –æ—Ç –≥–æ–¥–æ–≤–æ–π —á–∏—Å—Ç–æ–π –ø—Ä–∏–±—ã–ª–∏ –ø–æ –†–°–ë–£.

–î–∞—Ç–æ–π, –Ω–∞ –∫–æ—Ç–æ—Ä—É—é –æ–ø—Ä–µ–¥–µ–ª—è—é—Ç—Å—è –ª–∏—Ü–∞, –∏–º–µ—é—â–∏–µ –ø—Ä–∞–≤–æ –Ω–∞ –ø–æ–ª—É—á–µ–Ω–∏–µ –¥–∏–≤–∏–¥–µ–Ω–¥–æ–≤, —É—Å—Ç–∞–Ω–æ–≤–ª–µ–Ω–æ 9 –∏—é–ª—è.

@ifax_go",2024-07-02T13:31:20+00:00,–ò–Ω—Ç–µ—Ä—Ñ–∞–∫—Å. –†—ã–Ω–∫–∏,https://t.me/ifax_go/11819,—ç–∫–æ–Ω–æ–º–∏–∫–∞,–∞–∫—Ü–∏–æ–Ω–µ—Ä—ã –ª–µ–Ω–∑–æ–ª–æ—Ç–∞ —É—Ç–≤–µ—Ä–¥–∏–ª–∏ –¥–∏–≤–∏–¥–µ–Ω–¥—ã2023 —Ä–∞–∑–º–µ—Ä–µ 2142 —Ä—É–±–ª—è –ø—Ä–µ—Ñ –∞–∫—Ü–∏–æ–Ω–µ—Ä—ã –ø–∞–æ –ª–µ–Ω–∑–æ–ª–æ—Ç–æ —É—Ç–≤–µ—Ä–¥–∏–ª–∏ –¥–∏–≤–∏–¥–µ–Ω–¥—ã 2023 –≥–æ–¥ —Ä–∞–∑–º–µ—Ä–µ 2142 —Ä—É–±–ª—è –ø—Ä–∏–≤–∏–ª–µ–≥–∏—Ä–æ–≤–∞–Ω–Ω—É—é –∞–∫—Ü–∏—é –¥–∏–≤–∏–¥–µ–Ω–¥—ã –æ–±—ã–∫–Ω–æ–≤–µ–Ω–Ω—ã–µ –∞–∫—Ü–∏–∏ –≤—ã–ø–ª–∞—á–∏–≤–∞—Ç—å—Å—è –±—É–¥—É—Ç —Å–æ–æ–±—â–∏–ª–∞ –∫–æ–º–ø–∞–Ω–∏—è –æ–±—â–µ–π —Å–ª–æ–∂–Ω–æ—Å—Ç–∏ –≤—ã–ø–ª–∞—Ç—ã —Å–æ—Å—Ç–∞–≤—è—Ç 74 –º–ª–Ω —Ä—É–±–ª–µ–π —ç—Ç–æ –ø–æ–ª–Ω–æ—Å—Ç—å—é —Å–æ–æ—Ç–≤–µ—Ç—Å—Ç–≤—É–µ—Ç —É—Å—Ç–∞–≤—É –ª–µ–Ω–∑–æ–ª–æ—Ç–∞ –∫–æ—Ç–æ—Ä–æ–º—É –¥–∏–≤–∏–¥–µ–Ω–¥—ã –ø—Ä–∏–≤–∏–ª–µ–≥–∏—Ä–æ–≤–∞–Ω–Ω—ã–µ –∞–∫—Ü–∏–∏ –¥–æ–ª–∂–Ω—ã —Å–æ—Å—Ç–∞–≤–ª—è—Ç—å –º–µ–Ω–µ–µ 69 –≥–æ–¥–æ–≤–æ–π —á–∏—Å—Ç–æ–π –ø—Ä–∏–±—ã–ª–∏ —Ä—Å–±—É –¥–∞—Ç–æ–π –∫–æ—Ç–æ—Ä—É—é –æ–ø—Ä–µ–¥–µ–ª—è—é—Ç—Å—è –ª–∏—Ü–∞ –∏–º–µ—é—â–∏–µ –ø—Ä–∞–≤–æ –ø–æ–ª—É—á–µ–Ω–∏–µ –¥–∏–≤–∏–¥–µ–Ω–¥–æ–≤ —É—Å—Ç–∞–Ω–æ–≤–ª–µ–Ω–æ 9 –∏—é–ª—è ifaxgo,–∞–∫—Ü–∏–æ–Ω–µ—Ä—ã –ª–µ–Ω–∑–æ–ª–æ—Ç–∞ —É—Ç–≤–µ—Ä–¥–∏–ª–∏ –¥–∏–≤–∏–¥–µ–Ω–¥—ã2023 —Ä–∞–∑–º–µ—Ä–µ 2142 —Ä—É–±–ª—è –ø—Ä–µ—Ñ –∞–∫—Ü–∏–æ–Ω–µ—Ä—ã –ø–∞–æ –ª–µ–Ω–∑–æ–ª–æ—Ç–æ —É—Ç–≤–µ—Ä–¥–∏–ª–∏ –¥–∏–≤–∏–¥–µ–Ω–¥—ã 2023 –≥–æ–¥ —Ä–∞–∑–º–µ—Ä–µ 2142 —Ä—É–±–ª—è –ø—Ä–∏–≤–∏–ª–µ–≥–∏—Ä–æ–≤–∞–Ω–Ω—É—é –∞–∫—Ü–∏—é –¥–∏–≤–∏–¥–µ–Ω–¥—ã –æ–±—ã–∫–Ω–æ–≤–µ–Ω–Ω—ã–µ –∞–∫—Ü–∏–∏ –≤—ã–ø–ª–∞—á–∏–≤–∞—Ç—å—Å—è –±—É–¥—É—Ç —Å–æ–æ–±—â–∏–ª–∞ –∫–æ–º–ø–∞–Ω–∏—è –æ–±—â–µ–π —Å–ª–æ–∂–Ω–æ—Å—Ç–∏ –≤—ã–ø–ª–∞—Ç—ã —Å–æ—Å—Ç–∞–≤—è—Ç 74 –º–ª–Ω —Ä—É–±–ª–µ–π —ç—Ç–æ –ø–æ–ª–Ω–æ—Å—Ç—å—é —Å–æ–æ—Ç–≤–µ—Ç—Å—Ç–≤—É–µ—Ç —É—Å—Ç–∞–≤—É –ª–µ–Ω–∑–æ–ª–æ—Ç–∞ –∫–æ—Ç–æ—Ä–æ–º—É –¥–∏–≤–∏–¥–µ–Ω–¥—ã –ø—Ä–∏–≤–∏–ª–µ–≥–∏—Ä–æ–≤–∞–Ω–Ω—ã–µ –∞–∫—Ü–∏–∏ –¥–æ–ª–∂–Ω—ã —Å–æ—Å—Ç–∞–≤–ª—è—Ç—å –º–µ–Ω–µ–µ 69 –≥–æ–¥–æ–≤–æ–π —á–∏—Å—Ç–æ–π –ø—Ä–∏–±—ã–ª–∏ —Ä—Å–±—É –¥–∞—Ç–æ–π –∫–æ—Ç–æ—Ä—É—é –æ–ø—Ä–µ–¥–µ–ª—è—é—Ç—Å—è –ª–∏—Ü–∞ –∏–º–µ—é—â–∏–µ –ø—Ä–∞–≤–æ –ø–æ–ª—É—á–µ–Ω–∏–µ –¥–∏–≤–∏–¥–µ–Ω–¥–æ–≤ —É—Å—Ç–∞–Ω–æ–≤–ª–µ–Ω–æ 9 –∏—é–ª—è ifaxgo –ò–Ω—Ç–µ—Ä—Ñ–∞–∫—Å. –†—ã–Ω–∫–∏,"–ê–∫—Ü–∏–æ–Ω–µ—Ä—ã —É—Ç–≤–µ—Ä–¥–∏–ª–∏ –¥–∏–≤–∏–¥–µ–Ω–¥—ã-2023 –≤ —Ä–∞–∑–º–µ—Ä–µ 21,42 —Ä—É–±–ª—è –Ω–∞ ""–ø—Ä–µ—Ñ"""
–†–µ–∑–∏–¥–µ–Ω—Ç—ã –°–ê–† —Å–º–æ–≥—É—Ç —Ä–∞–∑–º–µ—â–∞—Ç—å –∞–∫—Ü–∏–∏ –∑–∞ —Ä—É–±–µ–∂–æ–º —Ç–æ–ª—å–∫–æ —á–µ—Ä–µ–∑ –¥—Ä—É–∂–µ—Å—Ç–≤–µ–Ω–Ω—É—é –∏–Ω—Ñ—Ä–∞—Å—Ç—Ä—É–∫—Ç—É—Ä—É,"–†–µ–∑–∏–¥–µ–Ω—Ç—ã –°–ê–† —Å–º–æ–≥—É—Ç —Ä–∞–∑–º–µ—â–∞—Ç—å –∞–∫—Ü–∏–∏ –∑–∞ —Ä—É–±–µ–∂–æ–º —Ç–æ–ª—å–∫–æ —á–µ—Ä–µ–∑ –¥—Ä—É–∂–µ—Å—Ç–≤–µ–Ω–Ω—É—é –∏–Ω—Ñ—Ä–∞—Å—Ç—Ä—É–∫—Ç—É—Ä—É

–†–µ–∑–∏–¥–µ–Ω—Ç—ã —Ä–æ—Å—Å–∏–π—Å–∫–∏—Ö —Å–ø–µ—Ü–∏–∞–ª—å–Ω—ã—Ö –∞–¥–º–∏–Ω–∏—Å—Ç—Ä–∞—Ç–∏–≤–Ω—ã—Ö —Ä–∞–π–æ–Ω–æ–≤ (–°–ê–†) —Å–º–æ–≥—É—Ç –∏—Å–ø–æ–ª—å–∑–æ–≤–∞—Ç—å –¥–ª—è —Ä–∞–∑–º–µ—â–µ–Ω–∏—è —Å–≤–æ–∏—Ö —Ü–µ–Ω–Ω—ã—Ö –±—É–º–∞–≥ –∏–Ω—Ñ—Ä–∞—Å—Ç—Ä—É–∫—Ç—É—Ä—É —Ç–æ–ª—å–∫–æ –¥—Ä—É–∂–µ—Å—Ç–≤–µ–Ω–Ω—ã—Ö —Å—Ç—Ä–∞–Ω, –ø—Ä–µ–¥—É—Å–º–∞—Ç—Ä–∏–≤–∞—é—Ç –ø–æ–ø—Ä–∞–≤–∫–∏, –ø–æ–¥–≥–æ—Ç–æ–≤–ª–µ–Ω–Ω—ã–µ –∫–æ –≤—Ç–æ—Ä–æ–º—É —á—Ç–µ–Ω–∏—é –∑–∞–∫–æ–Ω–æ–ø—Ä–æ–µ–∫—Ç–∞ –æ —Ç–∞–∫–∏—Ö —Å—Ç—Ä—É–∫—Ç—É—Ä–∞—Ö - –º–µ–∂–¥—É–Ω–∞—Ä–æ–¥–Ω—ã—Ö –∫–æ–º–ø–∞–Ω–∏—è—Ö –∏ –º–µ–∂–¥—É–Ω–∞—Ä–æ–¥–Ω—ã—Ö —Ñ–æ–Ω–¥–∞—Ö.

–í —Ä–µ–¥–∞–∫—Ü–∏–∏ –ø–µ—Ä–≤–æ–≥–æ —á—Ç–µ–Ω–∏—è —ç—Ç–æ—Ç –∑–∞–∫–æ–Ω–æ–ø—Ä–æ–µ–∫—Ç —É—Ç–æ—á–Ω—è–ª –∫–æ—Ä–ø–æ—Ä–∞—Ç–∏–≤–Ω–æ–µ –∑–∞–∫–æ–Ω–æ–¥–∞—Ç–µ–ª—å—Å—Ç–≤–æ.

–ü–æ–ø—Ä–∞–≤–∫–∏ –≤–≤–æ–¥—è—Ç –¥–æ–ø–æ–ª–Ω–∏—Ç–µ–ª—å–Ω—ã–µ —Ç—Ä–µ–±–æ–≤–∞–Ω–∏—è –¥–ª—è –æ—Ç–∫—Ä—ã—Ç–∏—è –∏–Ω–æ—Å—Ç—Ä–∞–Ω–Ω—ã–º –Ω–æ–º–∏–Ω–∞–ª—å–Ω—ã–º –¥–µ—Ä–∂–∞—Ç–µ–ª—è–º (–¥–µ–ø–æ–∑–∏—Ç–∞—Ä–∏—è–º) –∏ –∏–Ω–æ—Å—Ç—Ä–∞–Ω–Ω—ã–º —Ä–µ–≥–∏—Å—Ç—Ä–∞—Ç–æ—Ä–∞–º –ª–∏—Ü–µ–≤—ã—Ö —Å—á–µ—Ç–æ–≤ –¥–ª—è —É—á–µ—Ç–∞ –ø—Ä–∞–≤ –Ω–∞ –∞–∫—Ü–∏–∏ –º–µ–∂–¥—É–Ω–∞—Ä–æ–¥–Ω—ã—Ö –∫–æ–º–ø–∞–Ω–∏–π, —Ä–∞–∑–º–µ—â–µ–Ω–∏–µ –∏–ª–∏ –æ—Ä–≥–∞–Ω–∏–∑–∞—Ü–∏—è –æ–±—Ä–∞—â–µ–Ω–∏—è –∫–æ—Ç–æ—Ä—ã—Ö –æ—Å—É—â–µ—Å—Ç–≤–ª—è–µ—Ç—Å—è –∏–ª–∏ –ø–ª–∞–Ω–∏—Ä—É–µ—Ç—Å—è –∑–∞ –ø—Ä–µ–¥–µ–ª–∞–º–∏ –†–æ—Å—Å–∏–∏.

@ifax_go",2024-07-02T13:03:42+00:00,–ò–Ω—Ç–µ—Ä—Ñ–∞–∫—Å. –†—ã–Ω–∫–∏,https://t.me/ifax_go/11818,—ç–∫–æ–Ω–æ–º–∏–∫–∞,—Ä–µ–∑–∏–¥–µ–Ω—Ç—ã —Å–∞—Ä —Å–º–æ–≥—É—Ç —Ä–∞–∑–º–µ—â–∞—Ç—å –∞–∫—Ü–∏–∏ —Ä—É–±–µ–∂–æ–º –¥—Ä—É–∂–µ—Å—Ç–≤–µ–Ω–Ω—É—é –∏–Ω—Ñ—Ä–∞—Å—Ç—Ä—É–∫—Ç—É—Ä—É —Ä–µ–∑–∏–¥–µ–Ω—Ç—ã —Ä–æ—Å—Å–∏–π—Å–∫–∏—Ö —Å–ø–µ—Ü–∏–∞–ª—å–Ω—ã—Ö –∞–¥–º–∏–Ω–∏—Å—Ç—Ä–∞—Ç–∏–≤–Ω—ã—Ö —Ä–∞–π–æ–Ω–æ–≤ —Å–∞—Ä —Å–º–æ–≥—É—Ç –∏—Å–ø–æ–ª—å–∑–æ–≤–∞—Ç—å —Ä–∞–∑–º–µ—â–µ–Ω–∏—è —Å–≤–æ–∏—Ö —Ü–µ–Ω–Ω—ã—Ö –±—É–º–∞–≥ –∏–Ω—Ñ—Ä–∞—Å—Ç—Ä—É–∫—Ç—É—Ä—É –¥—Ä—É–∂–µ—Å—Ç–≤–µ–Ω–Ω—ã—Ö —Å—Ç—Ä–∞–Ω –ø—Ä–µ–¥—É—Å–º–∞—Ç—Ä–∏–≤–∞—é—Ç –ø–æ–ø—Ä–∞–≤–∫–∏ –ø–æ–¥–≥–æ—Ç–æ–≤–ª–µ–Ω–Ω—ã–µ –∫–æ –≤—Ç–æ—Ä–æ–º—É —á—Ç–µ–Ω–∏—é –∑–∞–∫–æ–Ω–æ–ø—Ä–æ–µ–∫—Ç–∞ —Ç–∞–∫–∏—Ö —Å—Ç—Ä—É–∫—Ç—É—Ä–∞—Ö –º–µ–∂–¥—É–Ω–∞—Ä–æ–¥–Ω—ã—Ö –∫–æ–º–ø–∞–Ω–∏—è—Ö –º–µ–∂–¥—É–Ω–∞—Ä–æ–¥–Ω—ã—Ö —Ñ–æ–Ω–¥–∞—Ö —Ä–µ–¥–∞–∫—Ü–∏–∏ –ø–µ—Ä–≤–æ–≥–æ —á—Ç–µ–Ω–∏—è –∑–∞–∫–æ–Ω–æ–ø—Ä–æ–µ–∫—Ç —É—Ç–æ—á–Ω—è–ª –∫–æ—Ä–ø–æ—Ä–∞—Ç–∏–≤–Ω–æ–µ –∑–∞–∫–æ–Ω–æ–¥–∞—Ç–µ–ª—å—Å—Ç–≤–æ –ø–æ–ø—Ä–∞–≤–∫–∏ –≤–≤–æ–¥—è—Ç –¥–æ–ø–æ–ª–Ω–∏—Ç–µ–ª—å–Ω—ã–µ —Ç—Ä–µ–±–æ–≤–∞–Ω–∏—è –æ—Ç–∫—Ä—ã—Ç–∏—è –∏–Ω–æ—Å—Ç—Ä–∞–Ω–Ω—ã–º –Ω–æ–º–∏–Ω–∞–ª—å–Ω—ã–º –¥–µ—Ä–∂–∞—Ç–µ–ª—è–º –¥–µ–ø–æ–∑–∏—Ç–∞—Ä–∏—è–º –∏–Ω–æ—Å—Ç—Ä–∞–Ω–Ω—ã–º —Ä–µ–≥–∏—Å—Ç—Ä–∞—Ç–æ—Ä–∞–º –ª–∏—Ü–µ–≤—ã—Ö —Å—á–µ—Ç–æ–≤ —É—á–µ—Ç–∞ –ø—Ä–∞–≤ –∞–∫—Ü–∏–∏ –º–µ–∂–¥—É–Ω–∞—Ä–æ–¥–Ω—ã—Ö –∫–æ–º–ø–∞–Ω–∏–π —Ä–∞–∑–º–µ—â–µ–Ω–∏–µ –æ—Ä–≥–∞–Ω–∏–∑–∞—Ü–∏—è –æ–±—Ä–∞—â–µ–Ω–∏—è –∫–æ—Ç–æ—Ä—ã—Ö –æ—Å—É—â–µ—Å—Ç–≤–ª—è–µ—Ç—Å—è –ø–ª–∞–Ω–∏—Ä—É–µ—Ç—Å—è –ø—Ä–µ–¥–µ–ª–∞–º–∏ —Ä–æ—Å—Å–∏–∏ ifaxgo,—Ä–µ–∑–∏–¥–µ–Ω—Ç—ã —Å–∞—Ä —Å–º–æ–≥—É—Ç —Ä–∞–∑–º–µ—â–∞—Ç—å –∞–∫—Ü–∏–∏ —Ä—É–±–µ–∂–æ–º –¥—Ä—É–∂–µ—Å—Ç–≤–µ–Ω–Ω—É—é –∏–Ω—Ñ—Ä–∞—Å—Ç—Ä—É–∫—Ç—É—Ä—É —Ä–µ–∑–∏–¥–µ–Ω—Ç—ã —Ä–æ—Å—Å–∏–π—Å–∫–∏—Ö —Å–ø–µ—Ü–∏–∞–ª—å–Ω—ã—Ö –∞–¥–º–∏–Ω–∏—Å—Ç—Ä–∞—Ç–∏–≤–Ω—ã—Ö —Ä–∞–π–æ–Ω–æ–≤ —Å–∞—Ä —Å–º–æ–≥—É—Ç –∏—Å–ø–æ–ª—å–∑–æ–≤–∞—Ç—å —Ä–∞–∑–º–µ—â–µ–Ω–∏—è —Å–≤–æ–∏—Ö —Ü–µ–Ω–Ω—ã—Ö –±—É–º–∞–≥ –∏–Ω—Ñ—Ä–∞—Å—Ç—Ä—É–∫—Ç—É—Ä—É –¥—Ä—É–∂–µ—Å—Ç–≤–µ–Ω–Ω—ã—Ö —Å—Ç—Ä–∞–Ω –ø—Ä–µ–¥—É—Å–º–∞—Ç—Ä–∏–≤–∞—é—Ç –ø–æ–ø—Ä–∞–≤–∫–∏ –ø–æ–¥–≥–æ—Ç–æ–≤–ª–µ–Ω–Ω—ã–µ –∫–æ –≤—Ç–æ—Ä–æ–º—É —á—Ç–µ–Ω–∏—é –∑–∞–∫–æ–Ω–æ–ø—Ä–æ–µ–∫—Ç–∞ —Ç–∞–∫–∏—Ö —Å—Ç—Ä—É–∫—Ç—É—Ä–∞—Ö –º–µ–∂–¥—É–Ω–∞—Ä–æ–¥–Ω—ã—Ö –∫–æ–º–ø–∞–Ω–∏—è—Ö –º–µ–∂–¥—É–Ω–∞—Ä–æ–¥–Ω—ã—Ö —Ñ–æ–Ω–¥–∞—Ö —Ä–µ–¥–∞–∫—Ü–∏–∏ –ø–µ—Ä–≤–æ–≥–æ —á—Ç–µ–Ω–∏—è –∑–∞–∫–æ–Ω–æ–ø—Ä–æ–µ–∫—Ç —É—Ç–æ—á–Ω—è–ª –∫–æ—Ä–ø–æ—Ä–∞—Ç–∏–≤–Ω–æ–µ –∑–∞–∫–æ–Ω–æ–¥–∞—Ç–µ–ª—å—Å—Ç–≤–æ –ø–æ–ø—Ä–∞–≤–∫–∏ –≤–≤–æ–¥—è—Ç –¥–æ–ø–æ–ª–Ω–∏—Ç–µ–ª—å–Ω—ã–µ —Ç—Ä–µ–±–æ–≤–∞–Ω–∏—è –æ—Ç–∫—Ä—ã—Ç–∏—è –∏–Ω–æ—Å—Ç—Ä–∞–Ω–Ω—ã–º –Ω–æ–º–∏–Ω–∞–ª—å–Ω—ã–º –¥–µ—Ä–∂–∞—Ç–µ–ª—è–º –¥–µ–ø–æ–∑–∏—Ç–∞—Ä–∏—è–º –∏–Ω–æ—Å—Ç—Ä–∞–Ω–Ω—ã–º —Ä–µ–≥–∏—Å—Ç—Ä–∞—Ç–æ—Ä–∞–º –ª–∏—Ü–µ–≤—ã—Ö —Å—á–µ—Ç–æ–≤ —É—á–µ—Ç–∞ –ø—Ä–∞–≤ –∞–∫—Ü–∏–∏ –º–µ–∂–¥—É–Ω–∞—Ä–æ–¥–Ω—ã—Ö –∫–æ–º–ø–∞–Ω–∏–π —Ä–∞–∑–º–µ—â–µ–Ω–∏–µ –æ—Ä–≥–∞–Ω–∏–∑–∞—Ü–∏—è –æ–±—Ä–∞—â–µ–Ω–∏—è –∫–æ—Ç–æ—Ä—ã—Ö –æ—Å—É—â–µ—Å—Ç–≤–ª—è–µ—Ç—Å—è –ø–ª–∞–Ω–∏—Ä—É–µ—Ç—Å—è –ø—Ä–µ–¥–µ–ª–∞–º–∏ —Ä–æ—Å—Å–∏–∏ ifaxgo –ò–Ω—Ç–µ—Ä—Ñ–∞–∫—Å. –†—ã–Ω–∫–∏,–†–µ–∑–∏–¥–µ–Ω—Ç—ã –°–ê–† —Å–º–æ–≥—É—Ç —Ä–∞–∑–º–µ—â–∞—Ç—å –∞–∫—Ü–∏–∏ –∑–∞ —Ä—É–±–µ–∂–æ–º —Ç–æ–ª—å–∫–æ —á–µ—Ä–µ–∑ –¥—Ä—É–∂–µ—Å—Ç–≤–µ–Ω–Ω—É—é –∏–Ω—Ñ—Ä–∞—Å—Ç—Ä—É–∫—Ç—É—Ä—É
"–¶–ë –Ω–µ —É–≤–∏–¥–µ–ª –≤ –¥–µ–π—Å—Ç–≤–∏—è—Ö ""–¶–∏—Ñ—Ä–∞ –±—Ä–æ–∫–µ—Ä"" –≤ —è–Ω–≤–∞—Ä–µ –º–∞–Ω–∏–ø—É–ª–∏—Ä–æ–≤–∞–Ω–∏—è —Ü–µ–Ω–æ–π –∞–∫—Ü–∏–π –°–ü–ë –±–∏—Ä–∂–∏","–¶–ë –Ω–µ —É–≤–∏–¥–µ–ª –≤ –¥–µ–π—Å—Ç–≤–∏—è—Ö ""–¶–∏—Ñ—Ä–∞ –±—Ä–æ–∫–µ—Ä"" –≤ —è–Ω–≤–∞—Ä–µ –º–∞–Ω–∏–ø—É–ª–∏—Ä–æ–≤–∞–Ω–∏—è —Ü–µ–Ω–æ–π –∞–∫—Ü–∏–π –°–ü–ë –±–∏—Ä–∂–∏

–ë–∞–Ω–∫ –†–æ—Å—Å–∏–∏ –∏–∑—É—á–∏–ª –æ–±—Å—Ç–æ—è—Ç–µ–ª—å—Å—Ç–≤–∞ –∏–Ω—Ñ–æ—Ä–º–∏—Ä–æ–≤–∞–Ω–∏—è –û–û–û ""–¶–∏—Ñ—Ä–∞ –±—Ä–æ–∫–µ—Ä"" 29 —è–Ω–≤–∞—Ä—è 2024 –≥–æ–¥–∞ —Å–≤–æ–∏—Ö –∫–ª–∏–µ–Ω—Ç–æ–≤ –æ –ø—Ä–µ–∫—Ä–∞—â–µ–Ω–∏–∏ —Ç–æ—Ä–≥–æ–≤—ã—Ö –æ–ø–µ—Ä–∞—Ü–∏–π –Ω–∞ –°–ü–ë –±–∏—Ä–∂–µ —Å 30 —è–Ω–≤–∞—Ä—è, —Å–ø—Ä–æ–≤–æ—Ü–∏—Ä–æ–≤–∞–≤—à–µ–≥–æ —Å–Ω–∏–∂–µ–Ω–∏–µ –∞–∫—Ü–∏–π –±–∏—Ä–∂–∏, –Ω–µ —É—Å–º–æ—Ç—Ä–µ–ª –≤ –¥–µ–π—Å—Ç–≤–∏—è—Ö –±—Ä–æ–∫–µ—Ä–∞ –∏ –°–ú–ò —É–º—ã—Å–ª–∞ –Ω–∞ —Å–æ–≤–µ—Ä—à–µ–Ω–∏–µ –º–∞–Ω–∏–ø—É–ª–∏—Ä–æ–≤–∞–Ω–∏—è —Ü–µ–Ω–æ–π –∞–∫—Ü–∏–π, –≥–æ–≤–æ—Ä–∏—Ç—Å—è –≤ —Å–æ–æ–±—â–µ–Ω–∏–∏ —Ä–µ–≥—É–ª—è—Ç–æ—Ä–∞.

–¶–ë –†–§ —Ä–µ–∫–æ–º–µ–Ω–¥—É–µ—Ç —É—á–∞—Å—Ç–Ω–∏–∫–∞–º —Ñ–∏–Ω–∞–Ω—Å–æ–≤–æ–≥–æ —Ä—ã–Ω–∫–∞ –ø—Ä–æ—è–≤–ª—è—Ç—å –æ—Å–º–æ—Ç—Ä–∏—Ç–µ–ª—å–Ω–æ—Å—Ç—å –ø—Ä–∏ —Ä–∞—Å–ø—Ä–æ—Å—Ç—Ä–∞–Ω–µ–Ω–∏–∏ –∏–Ω—Ñ–æ—Ä–º–∞—Ü–∏–∏, –∑–∞—Ç—Ä–∞–≥–∏–≤–∞—é—â–µ–π –ø—Ä–∞–≤–∞ –∏ –∑–∞–∫–æ–Ω–Ω—ã–µ –∏–Ω—Ç–µ—Ä–µ—Å—ã –∏–Ω–≤–µ—Å—Ç–æ—Ä–æ–≤. –°–æ–æ–±—â–µ–Ω–∏—è, –∞–¥—Ä–µ—Å–æ–≤–∞–Ω–Ω—ã–µ –∫–ª–∏–µ–Ω—Ç–∞–º, –¥–æ–ª–∂–Ω—ã —Å–æ–¥–µ—Ä–∂–∞—Ç—å —Ç–æ—á–Ω—ã–µ —Ñ–æ—Ä–º—É–ª–∏—Ä–æ–≤–∫–∏, –∏—Å—á–µ—Ä–ø—ã–≤–∞—é—â–∏–µ —Å–≤–µ–¥–µ–Ω–∏—è –∏ –∏—Å–∫–ª—é—á–∞—Ç—å –ø—Ä–µ–¥–ø–æ—Å—ã–ª–∫–∏ –¥–ª—è –Ω–µ–≤–µ—Ä–Ω–æ–≥–æ –∏–ª–∏ –¥–≤—É—Å–º—ã—Å–ª–µ–Ω–Ω–æ–≥–æ —Ç—Ä–∞–∫—Ç–æ–≤–∞–Ω–∏—è.

–†–µ–≥—É–ª—è—Ç–æ—Ä –æ–±—Ä–∞—â–∞–µ—Ç –≤–Ω–∏–º–∞–Ω–∏–µ, —á—Ç–æ –Ω–µ–∫–æ—Ä—Ä–µ–∫—Ç–Ω–∞—è –∏–Ω—Ñ–æ—Ä–º–∞—Ü–∏—è –æ–∫–∞–∑—ã–≤–∞–µ—Ç –Ω–µ–≥–∞—Ç–∏–≤–Ω–æ–µ –≤–ª–∏—è–Ω–∏–µ –Ω–∞ —Å–æ—Å—Ç–æ—è–Ω–∏–µ —Ñ–∏–Ω–∞–Ω—Å–æ–≤–æ–≥–æ —Ä—ã–Ω–∫–∞, –≤–≤–æ–¥–∏—Ç –≤ –∑–∞–±–ª—É–∂–¥–µ–Ω–∏–µ –∏–Ω–≤–µ—Å—Ç–æ—Ä–æ–≤ –∏ —Å–æ–∑–¥–∞–µ—Ç —Ä–∏—Å–∫ –º–∞–Ω–∏–ø—É–ª–∏—Ä–æ–≤–∞–Ω–∏—è —Ä—ã–Ω–∫–æ–º. –ù–∞—Ä—É—à–µ–Ω–∏–µ –∑–∞–ø—Ä–µ—Ç–æ–≤ –Ω–∞ –º–∞–Ω–∏–ø—É–ª–∏—Ä–æ–≤–∞–Ω–∏–µ —Ä—ã–Ω–∫–æ–º, –≤ —Ç–æ–º —á–∏—Å–ª–µ –ø—É—Ç–µ–º —É–º—ã—à–ª–µ–Ω–Ω–æ–≥–æ —Ä–∞—Å–ø—Ä–æ—Å—Ç—Ä–∞–Ω–µ–Ω–∏—è –∑–∞–≤–µ–¥–æ–º–æ –ª–æ–∂–Ω—ã—Ö —Å–≤–µ–¥–µ–Ω–∏–π, –≤–ª–µ—á–µ—Ç –∑–∞ —Å–æ–±–æ–π –æ—Ç–≤–µ—Ç—Å—Ç–≤–µ–Ω–Ω–æ—Å—Ç—å –≤ —Å–æ–æ—Ç–≤–µ—Ç—Å—Ç–≤–∏–∏ —Å –¥–µ–π—Å—Ç–≤—É—é—â–∏–º –∑–∞–∫–æ–Ω–æ–¥–∞—Ç–µ–ª—å—Å—Ç–≤–æ–º, –≤–∫–ª—é—á–∞—è —É–≥–æ–ª–æ–≤–Ω—É—é.

@ifax_go",2024-07-02T12:33:27+00:00,–ò–Ω—Ç–µ—Ä—Ñ–∞–∫—Å. –†—ã–Ω–∫–∏,https://t.me/ifax_go/11817,—ç–∫–æ–Ω–æ–º–∏–∫–∞,—Ü–± —É–≤–∏–¥–µ–ª –¥–µ–π—Å—Ç–≤–∏—è—Ö —Ü–∏—Ñ—Ä–∞ –±—Ä–æ–∫–µ—Ä —è–Ω–≤–∞—Ä–µ –º–∞–Ω–∏–ø—É–ª–∏—Ä–æ–≤–∞–Ω–∏—è —Ü–µ–Ω–æ–π –∞–∫—Ü–∏–π —Å–ø–± –±–∏—Ä–∂–∏ –±–∞–Ω–∫ —Ä–æ—Å—Å–∏–∏ –∏–∑—É—á–∏–ª –æ–±—Å—Ç–æ—è—Ç–µ–ª—å—Å—Ç–≤–∞ –∏–Ω—Ñ–æ—Ä–º–∏—Ä–æ–≤–∞–Ω–∏—è –æ–æ–æ —Ü–∏—Ñ—Ä–∞ –±—Ä–æ–∫–µ—Ä 29 —è–Ω–≤–∞—Ä—è 2024 –≥–æ–¥–∞ —Å–≤–æ–∏—Ö –∫–ª–∏–µ–Ω—Ç–æ–≤ –ø—Ä–µ–∫—Ä–∞—â–µ–Ω–∏–∏ —Ç–æ—Ä–≥–æ–≤—ã—Ö –æ–ø–µ—Ä–∞—Ü–∏–π —Å–ø–± –±–∏—Ä–∂–µ 30 —è–Ω–≤–∞—Ä—è —Å–ø—Ä–æ–≤–æ—Ü–∏—Ä–æ–≤–∞–≤—à–µ–≥–æ —Å–Ω–∏–∂–µ–Ω–∏–µ –∞–∫—Ü–∏–π –±–∏—Ä–∂–∏ —É—Å–º–æ—Ç—Ä–µ–ª –¥–µ–π—Å—Ç–≤–∏—è—Ö –±—Ä–æ–∫–µ—Ä–∞ —Å–º–∏ —É–º—ã—Å–ª–∞ —Å–æ–≤–µ—Ä—à–µ–Ω–∏–µ –º–∞–Ω–∏–ø—É–ª–∏—Ä–æ–≤–∞–Ω–∏—è —Ü–µ–Ω–æ–π –∞–∫—Ü–∏–π –≥–æ–≤–æ—Ä–∏—Ç—Å—è —Å–æ–æ–±—â–µ–Ω–∏–∏ —Ä–µ–≥—É–ª—è—Ç–æ—Ä–∞ —Ü–± —Ä—Ñ —Ä–µ–∫–æ–º–µ–Ω–¥—É–µ—Ç —É—á–∞—Å—Ç–Ω–∏–∫–∞–º —Ñ–∏–Ω–∞–Ω—Å–æ–≤–æ–≥–æ —Ä—ã–Ω–∫–∞ –ø—Ä–æ—è–≤–ª—è—Ç—å –æ—Å–º–æ—Ç—Ä–∏—Ç–µ–ª—å–Ω–æ—Å—Ç—å —Ä–∞—Å–ø—Ä–æ—Å—Ç—Ä–∞–Ω–µ–Ω–∏–∏ –∏–Ω—Ñ–æ—Ä–º–∞—Ü–∏–∏ –∑–∞—Ç—Ä–∞–≥–∏–≤–∞—é—â–µ–π –ø—Ä–∞–≤–∞ –∑–∞–∫–æ–Ω–Ω—ã–µ –∏–Ω—Ç–µ—Ä–µ—Å—ã –∏–Ω–≤–µ—Å—Ç–æ—Ä–æ–≤ —Å–æ–æ–±—â–µ–Ω–∏—è –∞–¥—Ä–µ—Å–æ–≤–∞–Ω–Ω—ã–µ –∫–ª–∏–µ–Ω—Ç–∞–º –¥–æ–ª–∂–Ω—ã —Å–æ–¥–µ—Ä–∂–∞—Ç—å —Ç–æ—á–Ω—ã–µ —Ñ–æ—Ä–º—É–ª–∏—Ä–æ–≤–∫–∏ –∏—Å—á–µ—Ä–ø—ã–≤–∞—é—â–∏–µ —Å–≤–µ–¥–µ–Ω–∏—è –∏—Å–∫–ª—é—á–∞—Ç—å –ø—Ä–µ–¥–ø–æ—Å—ã–ª–∫–∏ –Ω–µ–≤–µ—Ä–Ω–æ–≥–æ –¥–≤—É—Å–º—ã—Å–ª–µ–Ω–Ω–æ–≥–æ —Ç—Ä–∞–∫—Ç–æ–≤–∞–Ω–∏—è —Ä–µ–≥—É–ª—è—Ç–æ—Ä –æ–±—Ä–∞—â–∞–µ—Ç –≤–Ω–∏–º–∞–Ω–∏–µ –Ω–µ–∫–æ—Ä—Ä–µ–∫—Ç–Ω–∞—è –∏–Ω—Ñ–æ—Ä–º–∞—Ü–∏—è –æ–∫–∞–∑—ã–≤–∞–µ—Ç –Ω–µ–≥–∞—Ç–∏–≤–Ω–æ–µ –≤–ª–∏—è–Ω–∏–µ —Å–æ—Å—Ç–æ—è–Ω–∏–µ —Ñ–∏–Ω–∞–Ω—Å–æ–≤–æ–≥–æ —Ä—ã–Ω–∫–∞ –≤–≤–æ–¥–∏—Ç –∑–∞–±–ª—É–∂–¥–µ–Ω–∏–µ –∏–Ω–≤–µ—Å—Ç–æ—Ä–æ–≤ —Å–æ–∑–¥–∞–µ—Ç —Ä–∏—Å–∫ –º–∞–Ω–∏–ø—É–ª–∏—Ä–æ–≤–∞–Ω–∏—è —Ä—ã–Ω–∫–æ–º –Ω–∞—Ä—É—à–µ–Ω–∏–µ –∑–∞–ø—Ä–µ—Ç–æ–≤ –º–∞–Ω–∏–ø—É–ª–∏—Ä–æ–≤–∞–Ω–∏–µ —Ä—ã–Ω–∫–æ–º —á–∏—Å–ª–µ –ø—É—Ç–µ–º —É–º—ã—à–ª–µ–Ω–Ω–æ–≥–æ —Ä–∞—Å–ø—Ä–æ—Å—Ç—Ä–∞–Ω–µ–Ω–∏—è –∑–∞–≤–µ–¥–æ–º–æ –ª–æ–∂–Ω—ã—Ö —Å–≤–µ–¥–µ–Ω–∏–π –≤–ª–µ—á–µ—Ç —Å–æ–±–æ–π –æ—Ç–≤–µ—Ç—Å—Ç–≤–µ–Ω–Ω–æ—Å—Ç—å —Å–æ–æ—Ç–≤–µ—Ç—Å—Ç–≤–∏–∏ –¥–µ–π—Å—Ç–≤—É—é—â–∏–º –∑–∞–∫–æ–Ω–æ–¥–∞—Ç–µ–ª—å—Å—Ç–≤–æ–º –≤–∫–ª—é—á–∞—è —É–≥–æ–ª–æ–≤–Ω—É—é ifaxgo,—Ü–± —É–≤–∏–¥–µ–ª –¥–µ–π—Å—Ç–≤–∏—è—Ö —Ü–∏—Ñ—Ä–∞ –±—Ä–æ–∫–µ—Ä —è–Ω–≤–∞—Ä–µ –º–∞–Ω–∏–ø—É–ª–∏—Ä–æ–≤–∞–Ω–∏—è —Ü–µ–Ω–æ–π –∞–∫—Ü–∏–π —Å–ø–± –±–∏—Ä–∂–∏ –±–∞–Ω–∫ —Ä–æ—Å—Å–∏–∏ –∏–∑—É—á–∏–ª –æ–±—Å—Ç–æ—è—Ç–µ–ª—å—Å—Ç–≤–∞ –∏–Ω—Ñ–æ—Ä–º–∏—Ä–æ–≤–∞–Ω–∏—è –æ–æ–æ —Ü–∏—Ñ—Ä–∞ –±—Ä–æ–∫–µ—Ä 29 —è–Ω–≤–∞—Ä—è 2024 –≥–æ–¥–∞ —Å–≤–æ–∏—Ö –∫–ª–∏–µ–Ω—Ç–æ–≤ –ø—Ä–µ–∫—Ä–∞—â–µ–Ω–∏–∏ —Ç–æ—Ä–≥–æ–≤—ã—Ö –æ–ø–µ—Ä–∞—Ü–∏–π —Å–ø–± –±–∏—Ä–∂–µ 30 —è–Ω–≤–∞—Ä—è —Å–ø—Ä–æ–≤–æ—Ü–∏—Ä–æ–≤–∞–≤—à–µ–≥–æ —Å–Ω–∏–∂–µ–Ω–∏–µ –∞–∫—Ü–∏–π –±–∏—Ä–∂–∏ —É—Å–º–æ—Ç—Ä–µ–ª –¥–µ–π—Å—Ç–≤–∏—è—Ö –±—Ä–æ–∫–µ—Ä–∞ —Å–º–∏ —É–º—ã—Å–ª–∞ —Å–æ–≤–µ—Ä—à–µ–Ω–∏–µ –º–∞–Ω–∏–ø—É–ª–∏—Ä–æ–≤–∞–Ω–∏—è —Ü–µ–Ω–æ–π –∞–∫—Ü–∏–π –≥–æ–≤–æ—Ä–∏—Ç—Å—è —Å–æ–æ–±—â–µ–Ω–∏–∏ —Ä–µ–≥—É–ª—è—Ç–æ—Ä–∞ —Ü–± —Ä—Ñ —Ä–µ–∫–æ–º–µ–Ω–¥—É–µ—Ç —É—á–∞—Å—Ç–Ω–∏–∫–∞–º —Ñ–∏–Ω–∞–Ω—Å–æ–≤–æ–≥–æ —Ä—ã–Ω–∫–∞ –ø—Ä–æ—è–≤–ª—è—Ç—å –æ—Å–º–æ—Ç—Ä–∏—Ç–µ–ª—å–Ω–æ—Å—Ç—å —Ä–∞—Å–ø—Ä–æ—Å—Ç—Ä–∞–Ω–µ–Ω–∏–∏ –∏–Ω—Ñ–æ—Ä–º–∞—Ü–∏–∏ –∑–∞—Ç—Ä–∞–≥–∏–≤–∞—é—â–µ–π –ø—Ä–∞–≤–∞ –∑–∞–∫–æ–Ω–Ω—ã–µ –∏–Ω—Ç–µ—Ä–µ—Å—ã –∏–Ω–≤–µ—Å—Ç–æ—Ä–æ–≤ —Å–æ–æ–±—â–µ–Ω–∏—è –∞–¥—Ä–µ—Å–æ–≤–∞–Ω–Ω—ã–µ –∫–ª–∏–µ–Ω—Ç–∞–º –¥–æ–ª–∂–Ω—ã —Å–æ–¥–µ—Ä–∂–∞—Ç—å —Ç–æ—á–Ω—ã–µ —Ñ–æ—Ä–º—É–ª–∏—Ä–æ–≤–∫–∏ –∏—Å—á–µ—Ä–ø—ã–≤–∞—é—â–∏–µ —Å–≤–µ–¥–µ–Ω–∏—è –∏—Å–∫–ª—é—á–∞—Ç—å –ø—Ä–µ–¥–ø–æ—Å—ã–ª–∫–∏ –Ω–µ–≤–µ—Ä–Ω–æ–≥–æ –¥–≤—É—Å–º—ã—Å–ª–µ–Ω–Ω–æ–≥–æ —Ç—Ä–∞–∫—Ç–æ–≤–∞–Ω–∏—è —Ä–µ–≥—É–ª—è—Ç–æ—Ä –æ–±—Ä–∞—â–∞–µ—Ç –≤–Ω–∏–º–∞–Ω–∏–µ –Ω–µ–∫–æ—Ä—Ä–µ–∫—Ç–Ω–∞—è –∏–Ω—Ñ–æ—Ä–º–∞—Ü–∏—è –æ–∫–∞–∑—ã–≤–∞–µ—Ç –Ω–µ–≥–∞—Ç–∏–≤–Ω–æ–µ –≤–ª–∏—è–Ω–∏–µ —Å–æ—Å—Ç–æ—è–Ω–∏–µ —Ñ–∏–Ω–∞–Ω—Å–æ–≤–æ–≥–æ —Ä—ã–Ω–∫–∞ –≤–≤–æ–¥–∏—Ç –∑–∞–±–ª—É–∂–¥–µ–Ω–∏–µ –∏–Ω–≤–µ—Å—Ç–æ—Ä–æ–≤ —Å–æ–∑–¥–∞–µ—Ç —Ä–∏—Å–∫ –º–∞–Ω–∏–ø—É–ª–∏—Ä–æ–≤–∞–Ω–∏—è —Ä—ã–Ω–∫–æ–º –Ω–∞—Ä—É—à–µ–Ω–∏–µ –∑–∞–ø—Ä–µ—Ç–æ–≤ –º–∞–Ω–∏–ø—É–ª–∏—Ä–æ–≤–∞–Ω–∏–µ —Ä—ã–Ω–∫–æ–º —á–∏—Å–ª–µ –ø—É—Ç–µ–º —É–º—ã—à–ª–µ–Ω–Ω–æ–≥–æ —Ä–∞—Å–ø—Ä–æ—Å—Ç—Ä–∞–Ω–µ–Ω–∏—è –∑–∞–≤–µ–¥–æ–º–æ –ª–æ–∂–Ω—ã—Ö —Å–≤–µ–¥–µ–Ω–∏–π –≤–ª–µ—á–µ—Ç —Å–æ–±–æ–π –æ—Ç–≤–µ—Ç—Å—Ç–≤–µ–Ω–Ω–æ—Å—Ç—å —Å–æ–æ—Ç–≤–µ—Ç—Å—Ç–≤–∏–∏ –¥–µ–π—Å—Ç–≤—É—é—â–∏–º –∑–∞–∫–æ–Ω–æ–¥–∞—Ç–µ–ª—å—Å—Ç–≤–æ–º –≤–∫–ª—é—á–∞—è —É–≥–æ–ª–æ–≤–Ω—É—é ifaxgo –ò–Ω—Ç–µ—Ä—Ñ–∞–∫—Å. –†—ã–Ω–∫–∏,–¶–ë –Ω–µ —É–≤–∏–¥–µ–ª –≤ –¥–µ–π—Å—Ç–≤–∏—è—Ö –¶–∏—Ñ—Ä–∞ –±—Ä–æ–∫–µ—Ä –º–∞–Ω–∏–ø—É–ª–∏—Ä–æ–≤–∞–Ω–∏—è —Ü–µ–Ω–æ–π –∞–∫—Ü–∏–π –°–ü–ë –±–∏—Ä–∂–∏
–ë–∞–Ω–∫–æ–≤—Å–∫–∏–µ –≥–∏–≥–∞–Ω—Ç—ã –ó–∞–ø–∞–¥–∞ —Å–æ–∫—Ä–∞—Ç–∏–ª–∏ —à—Ç–∞—Ç –∏–Ω–≤–µ—Å—Ç–±–∞–Ω–∫–æ–≤—Å–∫–∏—Ö —Å—Ç—Ä—É–∫—Ç—É—Ä –≤ –ö–ù–† –≤ 2023 –≥. –Ω–∞ 13%,"–ë–∞–Ω–∫–æ–≤—Å–∫–∏–µ –≥–∏–≥–∞–Ω—Ç—ã –ó–∞–ø–∞–¥–∞ —Å–æ–∫—Ä–∞—Ç–∏–ª–∏ —à—Ç–∞—Ç –∏–Ω–≤–µ—Å—Ç–±–∞–Ω–∫–æ–≤—Å–∫–∏—Ö —Å—Ç—Ä—É–∫—Ç—É—Ä –≤ –ö–ù–† –≤ 2023 –≥. –Ω–∞ 13%

""–ë–æ–ª—å—à–∞—è —Å–µ–º–µ—Ä–∫–∞"" –∑–∞–ø–∞–¥–Ω—ã—Ö —Ñ–∏–Ω–∞–Ω—Å–æ–≤—ã—Ö –æ—Ä–≥–∞–Ω–∏–∑–∞—Ü–∏–π –≤ –ø—Ä–æ—à–ª–æ–º –≥–æ–¥—É —Å–æ–∫—Ä–∞—Ç–∏–ª–∞ —à—Ç–∞—Ç –∏–Ω–≤–µ—Å—Ç–±–∞–Ω–∫–æ–≤—Å–∫–∏—Ö –ø–æ–¥—Ä–∞–∑–¥–µ–ª–µ–Ω–∏–π –≤ –ö–∏—Ç–∞–µ –Ω–∞ –º–∞–∫—Å–∏–º–∞–ª—å–Ω—ã–µ –∑–∞ –º–Ω–æ–≥–∏–µ –≥–æ–¥—ã 13% ‚Äì –¥–æ 1,781 —Ç—ã—Å. —á–µ–ª–æ–≤–µ–∫, –ø–æ–¥—Å—á–∏—Ç–∞–ª–∞ Financial Times –Ω–∞ –æ—Å–Ω–æ–≤–µ –Ω–µ–¥–∞–≤–Ω–æ –≤—ã–ø—É—â–µ–Ω–Ω—ã—Ö –≥–æ–¥–æ–≤—ã—Ö –æ—Ç—á–µ—Ç–æ–≤.

–†–µ—á—å –∏–¥–µ—Ç –æ Goldman Sachs Group, Morgan Stanley, Credit Suisse, Deutsche Bank, HSBC, JPMorgan Chase & Co. –∏ UBS. –ö–∏—Ç–∞–π—Å–∫–∏–µ –∏–Ω–≤–µ—Å—Ç–±–∞–Ω–∫–æ–≤—Å–∫–∏–µ –ø–æ–¥—Ä–∞–∑–¥–µ–ª–µ–Ω–∏—è –±–æ–ª—å—à–∏–Ω—Å—Ç–≤–∞ –∏–∑ –Ω–∏—Ö –≤ –ø—Ä–æ—à–ª–æ–º –≥–æ–¥—É –ª–∏–±–æ –ø–æ–ª—É—á–∏–ª–∏ —É–±—ã—Ç–æ–∫, –ª–∏–±–æ —Å–Ω–∏–∑–∏–ª–∏ –ø—Ä–∏–±—ã–ª—å.

FT –æ—Ç–º–µ—á–∞–µ—Ç –æ—Ö–ª–∞–∂–¥–µ–Ω–∏–µ —Ä—ã–Ω–∫–æ–≤ –∫–∞–ø–∏—Ç–∞–ª–∞ –≤ –ö–ù–† –Ω–∞ —Ñ–æ–Ω–µ –æ—Å–ª–∞–±–ª–µ–Ω–∏—è —ç–∫–æ–Ω–æ–º–∏–∫–∏, –∑–∞—Ç—è–∂–Ω–æ–≥–æ —Å–ø–∞–¥–∞ –Ω–∞ —Ä—ã–Ω–∫–µ –Ω–µ–¥–≤–∏–∂–∏–º–æ—Å—Ç–∏ –∏ —Ä–æ—Å—Ç–∞ –≥–µ–æ–ø–æ–ª–∏—Ç–∏—á–µ—Å–∫–æ–π –Ω–∞–ø—Ä—è–∂–µ–Ω–Ω–æ—Å—Ç–∏ –≤ –æ—Ç–Ω–æ—à–µ–Ω–∏—è—Ö –º–µ–∂–¥—É –ü–µ–∫–∏–Ω–æ–º –∏ –í–∞—à–∏–Ω–≥—Ç–æ–Ω–æ–º.

@ifax_go",2024-07-02T12:33:13+00:00,–ò–Ω—Ç–µ—Ä—Ñ–∞–∫—Å. –†—ã–Ω–∫–∏,https://t.me/ifax_go/11816,—ç–∫–æ–Ω–æ–º–∏–∫–∞,–±–∞–Ω–∫–æ–≤—Å–∫–∏–µ –≥–∏–≥–∞–Ω—Ç—ã –∑–∞–ø–∞–¥–∞ —Å–æ–∫—Ä–∞—Ç–∏–ª–∏ —à—Ç–∞—Ç –∏–Ω–≤–µ—Å—Ç–±–∞–Ω–∫–æ–≤—Å–∫–∏—Ö —Å—Ç—Ä—É–∫—Ç—É—Ä –∫–Ω—Ä 2023 –≥ 13 –±–æ–ª—å—à–∞—è —Å–µ–º–µ—Ä–∫–∞ –∑–∞–ø–∞–¥–Ω—ã—Ö —Ñ–∏–Ω–∞–Ω—Å–æ–≤—ã—Ö –æ—Ä–≥–∞–Ω–∏–∑–∞—Ü–∏–π –ø—Ä–æ—à–ª–æ–º –≥–æ–¥—É —Å–æ–∫—Ä–∞—Ç–∏–ª–∞ —à—Ç–∞—Ç –∏–Ω–≤–µ—Å—Ç–±–∞–Ω–∫–æ–≤—Å–∫–∏—Ö –ø–æ–¥—Ä–∞–∑–¥–µ–ª–µ–Ω–∏–π –∫–∏—Ç–∞–µ –º–∞–∫—Å–∏–º–∞–ª—å–Ω—ã–µ –º–Ω–æ–≥–∏–µ –≥–æ–¥—ã 13 1781 —Ç—ã—Å —á–µ–ª–æ–≤–µ–∫ –ø–æ–¥—Å—á–∏—Ç–∞–ª–∞ financial time –æ—Å–Ω–æ–≤–µ –Ω–µ–¥–∞–≤–Ω–æ –≤—ã–ø—É—â–µ–Ω–Ω—ã—Ö –≥–æ–¥–æ–≤—ã—Ö –æ—Ç—á–µ—Ç–æ–≤ —Ä–µ—á—å –∏–¥–µ—Ç goldman sachs group morgan stanley credit suisse deutsche bank hsbc jpmorgan chase co ubs –∫–∏—Ç–∞–π—Å–∫–∏–µ –∏–Ω–≤–µ—Å—Ç–±–∞–Ω–∫–æ–≤—Å–∫–∏–µ –ø–æ–¥—Ä–∞–∑–¥–µ–ª–µ–Ω–∏—è –±–æ–ª—å—à–∏–Ω—Å—Ç–≤–∞ –ø—Ä–æ—à–ª–æ–º –≥–æ–¥—É –ª–∏–±–æ –ø–æ–ª—É—á–∏–ª–∏ —É–±—ã—Ç–æ–∫ –ª–∏–±–æ —Å–Ω–∏–∑–∏–ª–∏ –ø—Ä–∏–±—ã–ª—å ft –æ—Ç–º–µ—á–∞–µ—Ç –æ—Ö–ª–∞–∂–¥–µ–Ω–∏–µ —Ä—ã–Ω–∫–æ–≤ –∫–∞–ø–∏—Ç–∞–ª–∞ –∫–Ω—Ä —Ñ–æ–Ω–µ –æ—Å–ª–∞–±–ª–µ–Ω–∏—è —ç–∫–æ–Ω–æ–º–∏–∫–∏ –∑–∞—Ç—è–∂–Ω–æ–≥–æ —Å–ø–∞–¥–∞ —Ä—ã–Ω–∫–µ –Ω–µ–¥–≤–∏–∂–∏–º–æ—Å—Ç–∏ —Ä–æ—Å—Ç–∞ –≥–µ–æ–ø–æ–ª–∏—Ç–∏—á–µ—Å–∫–æ–π –Ω–∞–ø—Ä—è–∂–µ–Ω–Ω–æ—Å—Ç–∏ –æ—Ç–Ω–æ—à–µ–Ω–∏—è—Ö –ø–µ–∫–∏–Ω–æ–º –≤–∞—à–∏–Ω–≥—Ç–æ–Ω–æ–º ifaxgo,–±–∞–Ω–∫–æ–≤—Å–∫–∏–µ –≥–∏–≥–∞–Ω—Ç—ã –∑–∞–ø–∞–¥–∞ —Å–æ–∫—Ä–∞—Ç–∏–ª–∏ —à—Ç–∞—Ç –∏–Ω–≤–µ—Å—Ç–±–∞–Ω–∫–æ–≤—Å–∫–∏—Ö —Å—Ç—Ä—É–∫—Ç—É—Ä –∫–Ω—Ä 2023 –≥ 13 –±–æ–ª—å—à–∞—è —Å–µ–º–µ—Ä–∫–∞ –∑–∞–ø–∞–¥–Ω—ã—Ö —Ñ–∏–Ω–∞–Ω—Å–æ–≤—ã—Ö –æ—Ä–≥–∞–Ω–∏–∑–∞—Ü–∏–π –ø—Ä–æ—à–ª–æ–º –≥–æ–¥—É —Å–æ–∫—Ä–∞—Ç–∏–ª–∞ —à—Ç–∞—Ç –∏–Ω–≤–µ—Å—Ç–±–∞–Ω–∫–æ–≤—Å–∫–∏—Ö –ø–æ–¥—Ä–∞–∑–¥–µ–ª–µ–Ω–∏–π –∫–∏—Ç–∞–µ –º–∞–∫—Å–∏–º–∞–ª—å–Ω—ã–µ –º–Ω–æ–≥–∏–µ –≥–æ–¥—ã 13 1781 —Ç—ã—Å —á–µ–ª–æ–≤–µ–∫ –ø–æ–¥—Å—á–∏—Ç–∞–ª–∞ financial time –æ—Å–Ω–æ–≤–µ –Ω–µ–¥–∞–≤–Ω–æ –≤—ã–ø—É—â–µ–Ω–Ω—ã—Ö –≥–æ–¥–æ–≤—ã—Ö –æ—Ç—á–µ—Ç–æ–≤ —Ä–µ—á—å –∏–¥–µ—Ç goldman sachs group morgan stanley credit suisse deutsche bank hsbc jpmorgan chase co ubs –∫–∏—Ç–∞–π—Å–∫–∏–µ –∏–Ω–≤–µ—Å—Ç–±–∞–Ω–∫–æ–≤—Å–∫–∏–µ –ø–æ–¥—Ä–∞–∑–¥–µ–ª–µ–Ω–∏—è –±–æ–ª—å—à–∏–Ω—Å—Ç–≤–∞ –ø—Ä–æ—à–ª–æ–º –≥–æ–¥—É –ª–∏–±–æ –ø–æ–ª—É—á–∏–ª–∏ —É–±—ã—Ç–æ–∫ –ª–∏–±–æ —Å–Ω–∏–∑–∏–ª–∏ –ø—Ä–∏–±—ã–ª—å ft –æ—Ç–º–µ—á–∞–µ—Ç –æ—Ö–ª–∞–∂–¥–µ–Ω–∏–µ —Ä—ã–Ω–∫–æ–≤ –∫–∞–ø–∏—Ç–∞–ª–∞ –∫–Ω—Ä —Ñ–æ–Ω–µ –æ—Å–ª–∞–±–ª–µ–Ω–∏—è —ç–∫–æ–Ω–æ–º–∏–∫–∏ –∑–∞—Ç—è–∂–Ω–æ–≥–æ —Å–ø–∞–¥–∞ —Ä—ã–Ω–∫–µ –Ω–µ–¥–≤–∏–∂–∏–º–æ—Å—Ç–∏ —Ä–æ—Å—Ç–∞ –≥–µ–æ–ø–æ–ª–∏—Ç–∏—á–µ—Å–∫–æ–π –Ω–∞–ø—Ä—è–∂–µ–Ω–Ω–æ—Å—Ç–∏ –æ—Ç–Ω–æ—à–µ–Ω–∏—è—Ö –ø–µ–∫–∏–Ω–æ–º –≤–∞—à–∏–Ω–≥—Ç–æ–Ω–æ–º ifaxgo –ò–Ω—Ç–µ—Ä—Ñ–∞–∫—Å. –†—ã–Ω–∫–∏,–ë–∞–Ω–∫–æ–≤—Å–∫–∏–µ –≥–∏–≥–∞–Ω—Ç—ã –ó–∞–ø–∞–¥–∞ —Å–æ–∫—Ä–∞—Ç–∏–ª–∏ —à—Ç–∞—Ç –∏–Ω–≤–µ—Å—Ç–±–∞–Ω–∫–æ–≤—Å–∫–∏—Ö —Å—Ç—Ä—É–∫—Ç—É—Ä –≤ –ö–ù–† –Ω–∞ 13%
–ê–∫—Ü–∏–æ–Ω–µ—Ä—ã –°–ü–ë –±–∏—Ä–∂–∏ —Ä–µ—à–∏–ª–∏ –Ω–µ –≤—ã–ø–ª–∞—á–∏–≤–∞—Ç—å –¥–∏–≤–∏–¥–µ–Ω–¥—ã –∑–∞ 2023 –≥–æ–¥,"–ê–∫—Ü–∏–æ–Ω–µ—Ä—ã –°–ü–ë –±–∏—Ä–∂–∏ —Ä–µ—à–∏–ª–∏ –Ω–µ –≤—ã–ø–ª–∞—á–∏–≤–∞—Ç—å –¥–∏–≤–∏–¥–µ–Ω–¥—ã –∑–∞ 2023 –≥–æ–¥

–ì–æ–¥–æ–≤–æ–µ —Å–æ–±—Ä–∞–Ω–∏–µ –∞–∫—Ü–∏–æ–Ω–µ—Ä–æ–≤ –ü–ê–û ""–°–ü–ë –±–∏—Ä–∂–∞"", –ø—Ä–æ–≤–µ–¥–µ–Ω–Ω–æ–µ 28 –∏—é–Ω—è –≤ —Ñ–æ—Ä–º–µ –≤ –∑–∞–æ—á–Ω–æ–≥–æ –≥–æ–ª–æ—Å–æ–≤–∞–Ω–∏—è, –ø—Ä–∏–Ω—è–ª–æ —Ä–µ—à–µ–Ω–∏–µ –ø–æ —Ä–µ–∑—É–ª—å—Ç–∞—Ç–∞–º 2023 –≥–æ–¥–∞ –¥–∏–≤–∏–¥–µ–Ω–¥—ã –Ω–∞ –æ–±—ã–∫–Ω–æ–≤–µ–Ω–Ω—ã–µ –∞–∫—Ü–∏–∏ –Ω–µ –Ω–∞—á–∏—Å–ª—è—Ç—å –∏ –Ω–µ –≤—ã–ø–ª–∞—á–∏–≤–∞—Ç—å, —Å–æ–æ–±—â–∞–µ—Ç —Ç–æ—Ä–≥–æ–≤–∞—è –ø–ª–æ—â–∞–¥–∫–∞.

–ê–∫—Ü–∏–æ–Ω–µ—Ä—ã —Ç–∞–∫–∂–µ —É—Ç–≤–µ—Ä–¥–∏–ª–∏ –≥–æ–¥–æ–≤—É—é –æ—Ç—á–µ—Ç–Ω–æ—Å—Ç—å, –∏–∑–±—Ä–∞–ª–∏ –¥–µ–≤—è—Ç—å —á–ª–µ–Ω–æ–≤ —Å–æ–≤–µ—Ç–∞ –¥–∏—Ä–µ–∫—Ç–æ—Ä–æ–≤ –±–∏—Ä–∂–∏, –∏–Ω—Ñ–æ—Ä–º–∞—Ü–∏—è –æ –∫–æ—Ç–æ—Ä—ã—Ö –Ω–µ —Ä–∞—Å–∫—Ä—ã–≤–∞–µ—Ç—Å—è –≤ —Å–æ–æ—Ç–≤–µ—Ç—Å—Ç–≤–∏–∏ —Å –æ–≥—Ä–∞–Ω–∏—á–µ–Ω–∏–µ–º —á—É–≤—Å—Ç–≤–∏—Ç–µ–ª—å–Ω–æ–π –∫–æ—Ä–ø–æ—Ä–∞—Ç–∏–≤–Ω–æ–π –∏–Ω—Ñ–æ—Ä–º–∞—Ü–∏–∏, —á—Ç–æ –¥–æ–ø—É—Å–∫–∞–µ—Ç—Å—è –¥–µ–π—Å—Ç–≤—É—é—â–∏–º –∑–∞–∫–æ–Ω–æ–¥–∞—Ç–µ–ª—å—Å—Ç–≤–æ–º.

""–°–ü–ë –±–∏—Ä–∂–∞"" –≤ –ø—Ä–æ—Å–ø–µ–∫—Ç–µ —ç–º–∏—Å—Å–∏–∏ –∫ –ø—Ä–æ–≤–µ–¥–µ–Ω–Ω–æ–º—É –≤ –Ω–æ—è–±—Ä–µ 2021 –≥–æ–¥–∞ IPO —Å–æ–æ–±—â–∞–ª–∞, —á—Ç–æ –Ω–µ –ø–ª–∞–Ω–∏—Ä—É–µ—Ç –≤ –æ–±–æ–∑—Ä–∏–º–æ–º –±—É–¥—É—â–µ–º –≤—ã–ø–ª–∞—á–∏–≤–∞—Ç—å –¥–∏–≤–∏–¥–µ–Ω–¥—ã, –∞ –Ω–∞–º–µ—Ä–µ–Ω–∞ –∏—Å–ø–æ–ª—å–∑–æ–≤–∞—Ç—å –¥–æ—Ö–æ–¥—ã –¥–ª—è —Ñ–∏–Ω–∞–Ω—Å–∏—Ä–æ–≤–∞–Ω–∏—è —Ä–∞—Å—à–∏—Ä–µ–Ω–∏—è –±–∏–∑–Ω–µ—Å–∞.

@ifax_go",2024-07-02T12:00:42+00:00,–ò–Ω—Ç–µ—Ä—Ñ–∞–∫—Å. –†—ã–Ω–∫–∏,https://t.me/ifax_go/11815,—ç–∫–æ–Ω–æ–º–∏–∫–∞,–∞–∫—Ü–∏–æ–Ω–µ—Ä—ã —Å–ø–± –±–∏—Ä–∂–∏ —Ä–µ—à–∏–ª–∏ –≤—ã–ø–ª–∞—á–∏–≤–∞—Ç—å –¥–∏–≤–∏–¥–µ–Ω–¥—ã 2023 –≥–æ–¥ –≥–æ–¥–æ–≤–æ–µ —Å–æ–±—Ä–∞–Ω–∏–µ –∞–∫—Ü–∏–æ–Ω–µ—Ä–æ–≤ –ø–∞–æ —Å–ø–± –±–∏—Ä–∂–∞ –ø—Ä–æ–≤–µ–¥–µ–Ω–Ω–æ–µ 28 –∏—é–Ω—è —Ñ–æ—Ä–º–µ –∑–∞–æ—á–Ω–æ–≥–æ –≥–æ–ª–æ—Å–æ–≤–∞–Ω–∏—è –ø—Ä–∏–Ω—è–ª–æ —Ä–µ—à–µ–Ω–∏–µ —Ä–µ–∑—É–ª—å—Ç–∞—Ç–∞–º 2023 –≥–æ–¥–∞ –¥–∏–≤–∏–¥–µ–Ω–¥—ã –æ–±—ã–∫–Ω–æ–≤–µ–Ω–Ω—ã–µ –∞–∫—Ü–∏–∏ –Ω–∞—á–∏—Å–ª—è—Ç—å –≤—ã–ø–ª–∞—á–∏–≤–∞—Ç—å —Å–æ–æ–±—â–∞–µ—Ç —Ç–æ—Ä–≥–æ–≤–∞—è –ø–ª–æ—â–∞–¥–∫–∞ –∞–∫—Ü–∏–æ–Ω–µ—Ä—ã —Ç–∞–∫–∂–µ —É—Ç–≤–µ—Ä–¥–∏–ª–∏ –≥–æ–¥–æ–≤—É—é –æ—Ç—á–µ—Ç–Ω–æ—Å—Ç—å –∏–∑–±—Ä–∞–ª–∏ –¥–µ–≤—è—Ç—å —á–ª–µ–Ω–æ–≤ —Å–æ–≤–µ—Ç–∞ –¥–∏—Ä–µ–∫—Ç–æ—Ä–æ–≤ –±–∏—Ä–∂–∏ –∏–Ω—Ñ–æ—Ä–º–∞—Ü–∏—è –∫–æ—Ç–æ—Ä—ã—Ö —Ä–∞—Å–∫—Ä—ã–≤–∞–µ—Ç—Å—è —Å–æ–æ—Ç–≤–µ—Ç—Å—Ç–≤–∏–∏ –æ–≥—Ä–∞–Ω–∏—á–µ–Ω–∏–µ–º —á—É–≤—Å—Ç–≤–∏—Ç–µ–ª—å–Ω–æ–π –∫–æ—Ä–ø–æ—Ä–∞—Ç–∏–≤–Ω–æ–π –∏–Ω—Ñ–æ—Ä–º–∞—Ü–∏–∏ –¥–æ–ø—É—Å–∫–∞–µ—Ç—Å—è –¥–µ–π—Å—Ç–≤—É—é—â–∏–º –∑–∞–∫–æ–Ω–æ–¥–∞—Ç–µ–ª—å—Å—Ç–≤–æ–º —Å–ø–± –±–∏—Ä–∂–∞ –ø—Ä–æ—Å–ø–µ–∫—Ç–µ —ç–º–∏—Å—Å–∏–∏ –ø—Ä–æ–≤–µ–¥–µ–Ω–Ω–æ–º—É –Ω–æ—è–±—Ä–µ 2021 –≥–æ–¥–∞ ipo —Å–æ–æ–±—â–∞–ª–∞ –ø–ª–∞–Ω–∏—Ä—É–µ—Ç –æ–±–æ–∑—Ä–∏–º–æ–º –±—É–¥—É—â–µ–º –≤—ã–ø–ª–∞—á–∏–≤–∞—Ç—å –¥–∏–≤–∏–¥–µ–Ω–¥—ã –Ω–∞–º–µ—Ä–µ–Ω–∞ –∏—Å–ø–æ–ª—å–∑–æ–≤–∞—Ç—å –¥–æ—Ö–æ–¥—ã —Ñ–∏–Ω–∞–Ω—Å–∏—Ä–æ–≤–∞–Ω–∏—è —Ä–∞—Å—à–∏—Ä–µ–Ω–∏—è –±–∏–∑–Ω–µ—Å–∞ ifaxgo,–∞–∫—Ü–∏–æ–Ω–µ—Ä—ã —Å–ø–± –±–∏—Ä–∂–∏ —Ä–µ—à–∏–ª–∏ –≤—ã–ø–ª–∞—á–∏–≤–∞—Ç—å –¥–∏–≤–∏–¥–µ–Ω–¥—ã 2023 –≥–æ–¥ –≥–æ–¥–æ–≤–æ–µ —Å–æ–±—Ä–∞–Ω–∏–µ –∞–∫—Ü–∏–æ–Ω–µ—Ä–æ–≤ –ø–∞–æ —Å–ø–± –±–∏—Ä–∂–∞ –ø—Ä–æ–≤–µ–¥–µ–Ω–Ω–æ–µ 28 –∏—é–Ω—è —Ñ–æ—Ä–º–µ –∑–∞–æ—á–Ω–æ–≥–æ –≥–æ–ª–æ—Å–æ–≤–∞–Ω–∏—è –ø—Ä–∏–Ω—è–ª–æ —Ä–µ—à–µ–Ω–∏–µ —Ä–µ–∑—É–ª—å—Ç–∞—Ç–∞–º 2023 –≥–æ–¥–∞ –¥–∏–≤–∏–¥–µ–Ω–¥—ã –æ–±—ã–∫–Ω–æ–≤–µ–Ω–Ω—ã–µ –∞–∫—Ü–∏–∏ –Ω–∞—á–∏—Å–ª—è—Ç—å –≤—ã–ø–ª–∞—á–∏–≤–∞—Ç—å —Å–æ–æ–±—â–∞–µ—Ç —Ç–æ—Ä–≥–æ–≤–∞—è –ø–ª–æ—â–∞–¥–∫–∞ –∞–∫—Ü–∏–æ–Ω–µ—Ä—ã —Ç–∞–∫–∂–µ —É—Ç–≤–µ—Ä–¥–∏–ª–∏ –≥–æ–¥–æ–≤—É—é –æ—Ç—á–µ—Ç–Ω–æ—Å—Ç—å –∏–∑–±—Ä–∞–ª–∏ –¥–µ–≤—è—Ç—å —á–ª–µ–Ω–æ–≤ —Å–æ–≤–µ—Ç–∞ –¥–∏—Ä–µ–∫—Ç–æ—Ä–æ–≤ –±–∏—Ä–∂–∏ –∏–Ω—Ñ–æ—Ä–º–∞—Ü–∏—è –∫–æ—Ç–æ—Ä—ã—Ö —Ä–∞—Å–∫—Ä—ã–≤–∞–µ—Ç—Å—è —Å–æ–æ—Ç–≤–µ—Ç—Å—Ç–≤–∏–∏ –æ–≥—Ä–∞–Ω–∏—á–µ–Ω–∏–µ–º —á—É–≤—Å—Ç–≤–∏—Ç–µ–ª—å–Ω–æ–π –∫–æ—Ä–ø–æ—Ä–∞—Ç–∏–≤–Ω–æ–π –∏–Ω—Ñ–æ—Ä–º–∞—Ü–∏–∏ –¥–æ–ø—É—Å–∫–∞–µ—Ç—Å—è –¥–µ–π—Å—Ç–≤—É—é—â–∏–º –∑–∞–∫–æ–Ω–æ–¥–∞—Ç–µ–ª—å—Å—Ç–≤–æ–º —Å–ø–± –±–∏—Ä–∂–∞ –ø—Ä–æ—Å–ø–µ–∫—Ç–µ —ç–º–∏—Å—Å–∏–∏ –ø—Ä–æ–≤–µ–¥–µ–Ω–Ω–æ–º—É –Ω–æ—è–±—Ä–µ 2021 –≥–æ–¥–∞ ipo —Å–æ–æ–±—â–∞–ª–∞ –ø–ª–∞–Ω–∏—Ä—É–µ—Ç –æ–±–æ–∑—Ä–∏–º–æ–º –±—É–¥—É—â–µ–º –≤—ã–ø–ª–∞—á–∏–≤–∞—Ç—å –¥–∏–≤–∏–¥–µ–Ω–¥—ã –Ω–∞–º–µ—Ä–µ–Ω–∞ –∏—Å–ø–æ–ª—å–∑–æ–≤–∞—Ç—å –¥–æ—Ö–æ–¥—ã —Ñ–∏–Ω–∞–Ω—Å–∏—Ä–æ–≤–∞–Ω–∏—è —Ä–∞—Å—à–∏—Ä–µ–Ω–∏—è –±–∏–∑–Ω–µ—Å–∞ ifaxgo –ò–Ω—Ç–µ—Ä—Ñ–∞–∫—Å. –†—ã–Ω–∫–∏,–ê–∫—Ü–∏–æ–Ω–µ—Ä—ã –°–ü–ë –±–∏—Ä–∂–∏ —Ä–µ—à–∏–ª–∏ –Ω–µ –≤—ã–ø–ª–∞—á–∏–≤–∞—Ç—å –¥–∏–≤–∏–¥–µ–Ω–¥—ã –∑–∞ 2023 –≥–æ–¥
–ê–Ω–∞–ª–∏—Ç–∏–∫–∏ –¥–æ–ø—É—Å—Ç–∏–ª–∏ —Ä–æ—Å—Ç S&P 500 –±–ª–∏–∂–µ –∫ 7000 –ø—É–Ω–∫—Ç–æ–≤ –≤ 2025 –≥–æ–¥—É –Ω–∞ –Ω–∞–¥–µ–∂–¥–∞—Ö –Ω–∞ –ò–ò,"–ê–Ω–∞–ª–∏—Ç–∏–∫–∏ –¥–æ–ø—É—Å—Ç–∏–ª–∏ —Ä–æ—Å—Ç S&P 500 –±–ª–∏–∂–µ –∫ 7000 –ø—É–Ω–∫—Ç–æ–≤ –≤ 2025 –≥–æ–¥—É –Ω–∞ –Ω–∞–¥–µ–∂–¥–∞—Ö –Ω–∞ –ò–ò

–≠–Ω—Ç—É–∑–∏–∞–∑–º –≤ –æ—Ç–Ω–æ—à–µ–Ω–∏–∏ —Ä–∞–∑–≤–∏—Ç–∏—è —Ç–µ—Ö–Ω–æ–ª–æ–≥–∏–π –∏—Å–∫—É—Å—Å—Ç–≤–µ–Ω–Ω–æ–≥–æ –∏–Ω—Ç–µ–ª–ª–µ–∫—Ç–∞ –ø–æ–º–æ–≥ —Ñ–æ–Ω–¥–æ–≤–æ–º—É —Ä—ã–Ω–∫—É –°–®–ê –¥–æ—Å—Ç–∏—á—å —Ä—è–¥–∞ –∏—Å—Ç–æ—Ä–∏—á–µ—Å–∫–∏—Ö –º–∞–∫—Å–∏–º—É–º–æ–≤ –≤ —ç—Ç–æ–º –≥–æ–¥—É –∏ —Å–ø–æ—Å–æ–±—Å—Ç–≤–æ–≤–∞–ª –∑–Ω–∞—á–∏—Ç–µ–ª—å–Ω–æ–π –ø—Ä–∏–±—ã–ª–∏ —Ç–∞–∫–∏—Ö –∫–æ–º–ø–∞–Ω–∏–π, –∫–∞–∫ Nvidia Corp., Microsoft Corp. –∏ Apple Inc., –æ—Ç–º–µ—á–∞—é—Ç –∞–Ω–∞–ª–∏—Ç–∏–∫–∏ Capital Economics. –ò—Ö –æ–±–∑–æ—Ä –ø—Ä–∏–≤–æ–¥–∏—Ç MarketWatch.

–≠—Ç–æ—Ç –æ–ø—Ç–∏–º–∏–∑–º, –ø–æ –∏—Ö –º–Ω–µ–Ω–∏—é, –º–æ–∂–µ—Ç –ø–æ–¥—Ç–æ–ª–∫–Ω—É—Ç—å –∏–Ω–¥–µ–∫—Å S&P 500 –∫ –æ—Ç–º–µ—Ç–∫–µ –≤ 7000 –ø—É–Ω–∫—Ç–æ–≤ –≤ 2025 –≥–æ–¥—É.

–° –Ω–∞—á–∞–ª–∞ 2025 –≥–æ–¥–∞ S&P 500 –ø–æ–¥–Ω—è–ª—Å—è –ø–æ—á—Ç–∏ –Ω–∞ 15% –∏ –∑–∞–≤–µ—Ä—à–∏–ª —Ç–æ—Ä–≥–∏ –≤ –ø–æ–Ω–µ–¥–µ–ª—å–Ω–∏–∫ –Ω–∞ –æ—Ç–º–µ—Ç–∫–µ 5475,09 –ø—É–Ω–∫—Ç–∞.

@ifax_go",2024-07-02T11:10:23+00:00,–ò–Ω—Ç–µ—Ä—Ñ–∞–∫—Å. –†—ã–Ω–∫–∏,https://t.me/ifax_go/11814,—ç–∫–æ–Ω–æ–º–∏–∫–∞,–∞–Ω–∞–ª–∏—Ç–∏–∫–∏ –¥–æ–ø—É—Å—Ç–∏–ª–∏ —Ä–æ—Å—Ç sp 500 –±–ª–∏–∂–µ 7000 –ø—É–Ω–∫—Ç–æ–≤ 2025 –≥–æ–¥—É –Ω–∞–¥–µ–∂–¥–∞—Ö –∏–∏ —ç–Ω—Ç—É–∑–∏–∞–∑–º –æ—Ç–Ω–æ—à–µ–Ω–∏–∏ —Ä–∞–∑–≤–∏—Ç–∏—è —Ç–µ—Ö–Ω–æ–ª–æ–≥–∏–π –∏—Å–∫—É—Å—Å—Ç–≤–µ–Ω–Ω–æ–≥–æ –∏–Ω—Ç–µ–ª–ª–µ–∫—Ç–∞ –ø–æ–º–æ–≥ —Ñ–æ–Ω–¥–æ–≤–æ–º—É —Ä—ã–Ω–∫—É —Å—à–∞ –¥–æ—Å—Ç–∏—á—å —Ä—è–¥–∞ –∏—Å—Ç–æ—Ä–∏—á–µ—Å–∫–∏—Ö –º–∞–∫—Å–∏–º—É–º–æ–≤ –≥–æ–¥—É —Å–ø–æ—Å–æ–±—Å—Ç–≤–æ–≤–∞–ª –∑–Ω–∞—á–∏—Ç–µ–ª—å–Ω–æ–π –ø—Ä–∏–±—ã–ª–∏ —Ç–∞–∫–∏—Ö –∫–æ–º–ø–∞–Ω–∏–π nvidia corp microsoft corp apple inc –æ—Ç–º–µ—á–∞—é—Ç –∞–Ω–∞–ª–∏—Ç–∏–∫–∏ capital economics –æ–±–∑–æ—Ä –ø—Ä–∏–≤–æ–¥–∏—Ç marketwatch –æ–ø—Ç–∏–º–∏–∑–º –º–Ω–µ–Ω–∏—é –ø–æ–¥—Ç–æ–ª–∫–Ω—É—Ç—å –∏–Ω–¥–µ–∫—Å sp 500 –æ—Ç–º–µ—Ç–∫–µ 7000 –ø—É–Ω–∫—Ç–æ–≤ 2025 –≥–æ–¥—É –Ω–∞—á–∞–ª–∞ 2025 –≥–æ–¥–∞ sp 500 –ø–æ–¥–Ω—è–ª—Å—è 15 –∑–∞–≤–µ—Ä—à–∏–ª —Ç–æ—Ä–≥–∏ –ø–æ–Ω–µ–¥–µ–ª—å–Ω–∏–∫ –æ—Ç–º–µ—Ç–∫–µ 547509 –ø—É–Ω–∫—Ç–∞ ifaxgo,–∞–Ω–∞–ª–∏—Ç–∏–∫–∏ –¥–æ–ø—É—Å—Ç–∏–ª–∏ —Ä–æ—Å—Ç sp 500 –±–ª–∏–∂–µ 7000 –ø—É–Ω–∫—Ç–æ–≤ 2025 –≥–æ–¥—É –Ω–∞–¥–µ–∂–¥–∞—Ö –∏–∏ —ç–Ω—Ç—É–∑–∏–∞–∑–º –æ—Ç–Ω–æ—à–µ–Ω–∏–∏ —Ä–∞–∑–≤–∏—Ç–∏—è —Ç–µ—Ö–Ω–æ–ª–æ–≥–∏–π –∏—Å–∫—É—Å—Å—Ç–≤–µ–Ω–Ω–æ–≥–æ –∏–Ω—Ç–µ–ª–ª–µ–∫—Ç–∞ –ø–æ–º–æ–≥ —Ñ–æ–Ω–¥–æ–≤–æ–º—É —Ä—ã–Ω–∫—É —Å—à–∞ –¥–æ—Å—Ç–∏—á—å —Ä—è–¥–∞ –∏—Å—Ç–æ—Ä–∏—á–µ—Å–∫–∏—Ö –º–∞–∫—Å–∏–º—É–º–æ–≤ –≥–æ–¥—É —Å–ø–æ—Å–æ–±—Å—Ç–≤–æ–≤–∞–ª –∑–Ω–∞—á–∏—Ç–µ–ª—å–Ω–æ–π –ø—Ä–∏–±—ã–ª–∏ —Ç–∞–∫–∏—Ö –∫–æ–º–ø–∞–Ω–∏–π nvidia corp microsoft corp apple inc –æ—Ç–º–µ—á–∞—é—Ç –∞–Ω–∞–ª–∏—Ç–∏–∫–∏ capital economics –æ–±–∑–æ—Ä –ø—Ä–∏–≤–æ–¥–∏—Ç marketwatch –æ–ø—Ç–∏–º–∏–∑–º –º–Ω–µ–Ω–∏—é –ø–æ–¥—Ç–æ–ª–∫–Ω—É—Ç—å –∏–Ω–¥–µ–∫—Å sp 500 –æ—Ç–º–µ—Ç–∫–µ 7000 –ø—É–Ω–∫—Ç–æ–≤ 2025 –≥–æ–¥—É –Ω–∞—á–∞–ª–∞ 2025 –≥–æ–¥–∞ sp 500 –ø–æ–¥–Ω—è–ª—Å—è 15 –∑–∞–≤–µ—Ä—à–∏–ª —Ç–æ—Ä–≥–∏ –ø–æ–Ω–µ–¥–µ–ª—å–Ω–∏–∫ –æ—Ç–º–µ—Ç–∫–µ 547509 –ø—É–Ω–∫—Ç–∞ ifaxgo –ò–Ω—Ç–µ—Ä—Ñ–∞–∫—Å. –†—ã–Ω–∫–∏,–ê–Ω–∞–ª–∏—Ç–∏–∫–∏ –¥–æ–ø—É—Å—Ç–∏–ª–∏ —Ä–æ—Å—Ç S&P 500 –±–ª–∏–∂–µ –∫ 7000 –ø—É–Ω–∫—Ç–∞–º –≤ 2025 –≥–æ–¥—É –Ω–∞ –Ω–∞–¥–µ–∂–¥–∞—Ö –Ω–∞ –ò–ò
üîÆ –≠–∫—Å–ø–µ—Ä—Ç—ã –ø–æ–¥–µ–ª–∏–ª–∏—Å—å –∏–Ω–≤–µ—Å—Ç–∏—Ü–∏–æ–Ω–Ω–æ–π —Å—Ç—Ä–∞—Ç–µ–≥–∏–µ–π –Ω–∞ —Ç—Ä–µ—Ç–∏–π –∫–≤–∞—Ä—Ç–∞–ª 2024 –≥–æ–¥–∞,"üîÆ –≠–∫—Å–ø–µ—Ä—Ç—ã –ø–æ–¥–µ–ª–∏–ª–∏—Å—å –∏–Ω–≤–µ—Å—Ç–∏—Ü–∏–æ–Ω–Ω–æ–π —Å—Ç—Ä–∞—Ç–µ–≥–∏–µ–π –Ω–∞ —Ç—Ä–µ—Ç–∏–π –∫–≤–∞—Ä—Ç–∞–ª 2024 –≥–æ–¥–∞

–ü–æ –º–Ω–µ–Ω–∏—é —ç–∫—Å–ø–µ—Ä—Ç–æ–≤ ""–í–¢–ë –ú–æ–∏ –∏–Ω–≤–µ—Å—Ç–∏—Ü–∏–∏"", –Ω–∞–∏–±–æ–ª–µ–µ –∏–Ω—Ç–µ—Ä–µ—Å–Ω—ã–º–∏ –¥–ª—è –≤–ª–æ–∂–µ–Ω–∏–π –≤ —ç—Ç–æ—Ç –ø–µ—Ä–∏–æ–¥ —Å—Ç–∞–Ω—É—Ç —Ñ–æ–Ω–¥—ã –¥–µ–Ω–µ–∂–Ω–æ–≥–æ —Ä—ã–Ω–∫–∞, –æ–±–ª–∏–≥–∞—Ü–∏–∏ —Å –ø–ª–∞–≤–∞—é—â–∏–º –∫—É–ø–æ–Ω–æ–º –∏ –∞–∫—Ü–∏–∏ –≤–Ω—É—Ç—Ä–µ–Ω–Ω–µ-–æ—Ä–∏–µ–Ω—Ç–∏—Ä–æ–≤–∞–Ω–Ω—ã—Ö —Å–µ–∫—Ç–æ—Ä–æ–≤.

""–ü—Ä–∏–≤–ª–µ–∫–∞—Ç–µ–ª—å–Ω—ã–º–∏ –¥–ª—è –≤–ª–æ–∂–µ–Ω–∏–π –æ—Å—Ç–∞—é—Ç—Å—è —Ñ–æ–Ω–¥—ã –¥–µ–Ω–µ–∂–Ω–æ–≥–æ —Ä—ã–Ω–∫–∞, –∫–æ—Ç–æ—Ä—ã–µ –∑–∞—â–∏—â–∞—é—Ç –æ—Ç –≤–æ–ª–∞—Ç–∏–ª—å–Ω–æ—Å—Ç–∏ –∏ –¥–∞—é—Ç —Ö–æ—Ä–æ—à—É—é –¥–æ—Ö–æ–¥–Ω–æ—Å—Ç—å –ø—Ä–∏ –≤—ã—Å–æ–∫–æ–π –∫–ª—é—á–µ–≤–æ–π —Å—Ç–∞–≤–∫–µ. –í –ø–æ—Ä—Ç—Ñ–µ–ª–µ —Ç–∞–∫–∂–µ –æ–ø—Ç–∏–º–∞–ª—å–Ω–æ –¥–µ—Ä–∂–∞—Ç—å –û–§–ó —Å –ø–ª–∞–≤–∞—é—â–∏–º–∏ –∫—É–ø–æ–Ω–∞–º–∏. –í –ø–µ—Ä–∏–æ–¥ –∂–µ—Å—Ç–∫–æ–π –º–æ–Ω–µ—Ç–∞—Ä–Ω–æ–π –ø–æ–ª–∏—Ç–∏–∫–∏ –æ–Ω–∏ –ø–æ–¥—Å—Ç—Ä–∞–∏–≤–∞—é—Ç—Å—è –∫ —Ç–µ–∫—É—â–∏–º —Å—Ç–∞–≤–∫–∞–º –∏ —É—Å—Ç–æ–π—á–∏–≤—ã –≤ —Ü–µ–Ω–µ. –ö—Ä–æ–º–µ —Ç–æ–≥–æ, –º—ã –∂–¥–µ–º —Å—Ç–∞–±–∏–ª–∏–∑–∞—Ü–∏—é –¥–æ—Ö–æ–¥–Ω–æ—Å—Ç–µ–π –∑–∞–º–µ—â–∞—é—â–∏—Ö –æ–±–ª–∏–≥–∞—Ü–∏–π –Ω–∞ —Ñ–æ–Ω–µ –∞–¥–∞–ø—Ç–∞—Ü–∏–∏ —É—á–∞—Å—Ç–Ω–∏–∫–æ–≤ —Ä—ã–Ω–∫–∞ –∫ —Ç–µ–∫—É—â–µ–º—É –∫—É—Ä—Å—É —Ä—É–±–ª—è –∏ –∑–∞–≤–µ—Ä—à–µ–Ω–∏—è –∑–∞–º–µ—â–µ–Ω–∏–π. –¢–∞–∫–∂–µ –Ω–∞ –ø—Ä–∏–≤–ª–µ–∫–∞—Ç–µ–ª—å–Ω—ã—Ö —É—Ä–æ–≤–Ω—è—Ö –Ω–∞—Ö–æ–¥—è—Ç—Å—è –¥–æ—Ö–æ–¥–Ω–æ—Å—Ç–∏ –Ω–∞–∏–±–æ–ª–µ–µ –ª–∏–∫–≤–∏–¥–Ω—ã—Ö –¥–æ–ª–≥–æ–≤—ã—Ö –∏–Ω—Å—Ç—Ä—É–º–µ–Ω—Ç–æ–≤ –≤ —é–∞–Ω—è—Ö - 8-9% –ø—Ä–∏ —Å—Ä–æ–∫–µ –ø–æ–≥–∞—à–µ–Ω–∏—è 2-2,5 –≥–æ–¥–∞"", - –æ—Ç–º–µ—Ç–∏–ª –∏–Ω–≤–µ—Å—Ç–∏—Ü–∏–æ–Ω–Ω—ã–π —Å—Ç—Ä–∞—Ç–µ–≥ ""–í–¢–ë –ú–æ–∏ –ò–Ω–≤–µ—Å—Ç–∏—Ü–∏–∏"" –ê–ª–µ–∫—Å–µ–π –ö–æ—Ä–Ω–∏–ª–æ–≤.

""–¢–∞–∫, –≤ 2023-2025 –≥–æ–¥–∞—Ö –æ–∂–∏–¥–∞–µ–º–∞—è —á–∏—Å—Ç–∞—è –ø—Ä–∏–±—ã–ª—å –ø–æ—Ç—Ä–µ–±–∏—Ç–µ–ª—å—Å–∫–æ–≥–æ –∏ —Ñ–∏–Ω–∞–Ω—Å–æ–≤–æ–≥–æ —Å–µ–∫—Ç–æ—Ä–æ–≤ –±—É–¥–µ—Ç –≤—ã—à–µ, —á–µ–º —É –∏–Ω–¥–µ–∫—Å–∞ –ú–æ—Å–ë–∏—Ä–∂–∏: +17,5% –∏ +11% —Å–æ–æ—Ç–≤–µ—Ç—Å—Ç–≤–µ–Ω–Ω–æ. –¢–µ–º–ø—ã —Ä–æ—Å—Ç–∞ –ø—Ä–∏–±—ã–ª–∏ IT-—Å–µ–∫—Ç–æ—Ä–∞ –µ—â–µ –≤—ã—à–µ - –ø—Ä–∏–º–µ—Ä–Ω–æ 55%. –ú—ã –ø–æ-–ø—Ä–µ–∂–Ω–µ–º—É –¥–µ–ª–∞–µ–º –∞–∫—Ü–µ–Ω—Ç –Ω–∞ –∞–∫—Ü–∏—è—Ö —Å—Ä–µ–¥–Ω–µ–π –∏ –º–∞–ª–æ–π –∫–∞–ø–∏—Ç–∞–ª–∏–∑–∞—Ü–∏–∏, –¥–æ—Ö–æ–¥–Ω–æ—Å—Ç—å –∫–æ—Ç–æ—Ä—ã—Ö –æ–ø–µ—Ä–µ–∂–∞–µ—Ç —Ä—ã–Ω–æ–∫"", - –≥–æ–≤–æ—Ä–∏—Ç—Å—è –≤ —Å—Ç—Ä–∞—Ç–µ–≥–∏–∏ –±—Ä–æ–∫–µ—Ä–∞.

–ü—Ä–æ–≥–Ω–æ–∑—ã –æ—Å–Ω–æ–≤–Ω—ã—Ö –º–∞–∫—Ä–æ—ç–∫–æ–Ω–æ–º–∏—á–µ—Å–∫–∏—Ö –ø–æ–∫–∞–∑–∞—Ç–µ–ª–µ–π –æ—Ç ""–í–¢–ë –ú–æ–∏ –∏–Ω–≤–µ—Å—Ç–∏—Ü–∏–∏"": —Ä–æ—Å—Ç –í–í–ü –Ω–∞ 3,3% –≤ 2024 –≥–æ–¥—É; –∏–Ω—Ñ–ª—è—Ü–∏—è –æ–∫–æ–ª–æ 7% –∏ –∫–ª—é—á–µ–≤–∞—è —Å—Ç–∞–≤–∫–∞ 17% –Ω–∞ –∫–æ–Ω–µ—Ü 2024 –≥–æ–¥–∞; —Å—Ä–µ–¥–Ω—è—è —Ü–µ–Ω–∞ –Ω–µ—Ñ—Ç–∏ Urals –ø–æ—Ä—è–¥–∫–∞ $69 –∑–∞ –±–∞—Ä—Ä–µ–ª—å; —Å—Ç–æ–∏–º–æ—Å—Ç—å –∑–æ–ª–æ—Ç–∞ - $2270 –∑–∞ —É–Ω—Ü–∏—é –Ω–∞ –∫–æ–Ω–µ—Ü –≥–æ–¥–∞; –∫—É—Ä—Å –¥–æ–ª–ª–∞—Ä–∞ –∫ —Ä—É–±–ª—é - 93,3 —Ä—É–±./$1 –∏ –∫—É—Ä—Å —é–∞–Ω—è –∫ —Ä—É–±–ª—é - 12,8 —Ä—É–±. –Ω–∞ –∫–æ–Ω–µ—Ü 2024 –≥–æ–¥–∞.

@ifax_go",2024-07-02T10:47:03+00:00,–ò–Ω—Ç–µ—Ä—Ñ–∞–∫—Å. –†—ã–Ω–∫–∏,https://t.me/ifax_go/11813,—ç–∫–æ–Ω–æ–º–∏–∫–∞,—ç–∫—Å–ø–µ—Ä—Ç—ã –ø–æ–¥–µ–ª–∏–ª–∏—Å—å –∏–Ω–≤–µ—Å—Ç–∏—Ü–∏–æ–Ω–Ω–æ–π —Å—Ç—Ä–∞—Ç–µ–≥–∏–µ–π —Ç—Ä–µ—Ç–∏–π –∫–≤–∞—Ä—Ç–∞–ª 2024 –≥–æ–¥–∞ –º–Ω–µ–Ω–∏—é —ç–∫—Å–ø–µ—Ä—Ç–æ–≤ –≤—Ç–± –º–æ–∏ –∏–Ω–≤–µ—Å—Ç–∏—Ü–∏–∏ –Ω–∞–∏–±–æ–ª–µ–µ –∏–Ω—Ç–µ—Ä–µ—Å–Ω—ã–º–∏ –≤–ª–æ–∂–µ–Ω–∏–π –ø–µ—Ä–∏–æ–¥ —Å—Ç–∞–Ω—É—Ç —Ñ–æ–Ω–¥—ã –¥–µ–Ω–µ–∂–Ω–æ–≥–æ —Ä—ã–Ω–∫–∞ –æ–±–ª–∏–≥–∞—Ü–∏–∏ –ø–ª–∞–≤–∞—é—â–∏–º –∫—É–ø–æ–Ω–æ–º –∞–∫—Ü–∏–∏ –≤–Ω—É—Ç—Ä–µ–Ω–Ω–µ–æ—Ä–∏–µ–Ω—Ç–∏—Ä–æ–≤–∞–Ω–Ω—ã—Ö —Å–µ–∫—Ç–æ—Ä–æ–≤ –ø—Ä–∏–≤–ª–µ–∫–∞—Ç–µ–ª—å–Ω—ã–º–∏ –≤–ª–æ–∂–µ–Ω–∏–π –æ—Å—Ç–∞—é—Ç—Å—è —Ñ–æ–Ω–¥—ã –¥–µ–Ω–µ–∂–Ω–æ–≥–æ —Ä—ã–Ω–∫–∞ –∫–æ—Ç–æ—Ä—ã–µ –∑–∞—â–∏—â–∞—é—Ç –≤–æ–ª–∞—Ç–∏–ª—å–Ω–æ—Å—Ç–∏ –¥–∞—é—Ç —Ö–æ—Ä–æ—à—É—é –¥–æ—Ö–æ–¥–Ω–æ—Å—Ç—å –≤—ã—Å–æ–∫–æ–π –∫–ª—é—á–µ–≤–æ–π —Å—Ç–∞–≤–∫–µ –ø–æ—Ä—Ç—Ñ–µ–ª–µ —Ç–∞–∫–∂–µ –æ–ø—Ç–∏–º–∞–ª—å–Ω–æ –¥–µ—Ä–∂–∞—Ç—å –æ—Ñ–∑ –ø–ª–∞–≤–∞—é—â–∏–º–∏ –∫—É–ø–æ–Ω–∞–º–∏ –ø–µ—Ä–∏–æ–¥ –∂–µ—Å—Ç–∫–æ–π –º–æ–Ω–µ—Ç–∞—Ä–Ω–æ–π –ø–æ–ª–∏—Ç–∏–∫–∏ –ø–æ–¥—Å—Ç—Ä–∞–∏–≤–∞—é—Ç—Å—è —Ç–µ–∫—É—â–∏–º —Å—Ç–∞–≤–∫–∞–º —É—Å—Ç–æ–π—á–∏–≤—ã —Ü–µ–Ω–µ –∫—Ä–æ–º–µ –∂–¥–µ–º —Å—Ç–∞–±–∏–ª–∏–∑–∞—Ü–∏—é –¥–æ—Ö–æ–¥–Ω–æ—Å—Ç–µ–π –∑–∞–º–µ—â–∞—é—â–∏—Ö –æ–±–ª–∏–≥–∞—Ü–∏–π —Ñ–æ–Ω–µ –∞–¥–∞–ø—Ç–∞—Ü–∏–∏ —É—á–∞—Å—Ç–Ω–∏–∫–æ–≤ —Ä—ã–Ω–∫–∞ —Ç–µ–∫—É—â–µ–º—É –∫—É—Ä—Å—É —Ä—É–±–ª—è –∑–∞–≤–µ—Ä—à–µ–Ω–∏—è –∑–∞–º–µ—â–µ–Ω–∏–π —Ç–∞–∫–∂–µ –ø—Ä–∏–≤–ª–µ–∫–∞—Ç–µ–ª—å–Ω—ã—Ö —É—Ä–æ–≤–Ω—è—Ö –Ω–∞—Ö–æ–¥—è—Ç—Å—è –¥–æ—Ö–æ–¥–Ω–æ—Å—Ç–∏ –Ω–∞–∏–±–æ–ª–µ–µ –ª–∏–∫–≤–∏–¥–Ω—ã—Ö –¥–æ–ª–≥–æ–≤—ã—Ö –∏–Ω—Å—Ç—Ä—É–º–µ–Ω—Ç–æ–≤ —é–∞–Ω—è—Ö 89 —Å—Ä–æ–∫–µ –ø–æ–≥–∞—à–µ–Ω–∏—è 225 –≥–æ–¥–∞ –æ—Ç–º–µ—Ç–∏–ª –∏–Ω–≤–µ—Å—Ç–∏—Ü–∏–æ–Ω–Ω—ã–π —Å—Ç—Ä–∞—Ç–µ–≥ –≤—Ç–± –º–æ–∏ –∏–Ω–≤–µ—Å—Ç–∏—Ü–∏–∏ –∞–ª–µ–∫—Å–µ–π –∫–æ—Ä–Ω–∏–ª–æ–≤ 20232025 –≥–æ–¥–∞—Ö –æ–∂–∏–¥–∞–µ–º–∞—è —á–∏—Å—Ç–∞—è –ø—Ä–∏–±—ã–ª—å –ø–æ—Ç—Ä–µ–±–∏—Ç–µ–ª—å—Å–∫–æ–≥–æ —Ñ–∏–Ω–∞–Ω—Å–æ–≤–æ–≥–æ —Å–µ–∫—Ç–æ—Ä–æ–≤ –≤—ã—à–µ –∏–Ω–¥–µ–∫—Å–∞ –º–æ—Å–±–∏—Ä–∂–∏ 175 11 —Å–æ–æ—Ç–≤–µ—Ç—Å—Ç–≤–µ–Ω–Ω–æ —Ç–µ–º–ø—ã —Ä–æ—Å—Ç–∞ –ø—Ä–∏–±—ã–ª–∏ it—Å–µ–∫—Ç–æ—Ä–∞ –≤—ã—à–µ –ø—Ä–∏–º–µ—Ä–Ω–æ 55 –ø–æ–ø—Ä–µ–∂–Ω–µ–º—É –¥–µ–ª–∞–µ–º –∞–∫—Ü–µ–Ω—Ç –∞–∫—Ü–∏—è—Ö —Å—Ä–µ–¥–Ω–µ–π –º–∞–ª–æ–π –∫–∞–ø–∏—Ç–∞–ª–∏–∑–∞—Ü–∏–∏ –¥–æ—Ö–æ–¥–Ω–æ—Å—Ç—å –∫–æ—Ç–æ—Ä—ã—Ö –æ–ø–µ—Ä–µ–∂–∞–µ—Ç —Ä—ã–Ω–æ–∫ –≥–æ–≤–æ—Ä–∏—Ç—Å—è —Å—Ç—Ä–∞—Ç–µ–≥–∏–∏ –±—Ä–æ–∫–µ—Ä–∞ –ø—Ä–æ–≥–Ω–æ–∑—ã –æ—Å–Ω–æ–≤–Ω—ã—Ö –º–∞–∫—Ä–æ—ç–∫–æ–Ω–æ–º–∏—á–µ—Å–∫–∏—Ö –ø–æ–∫–∞–∑–∞—Ç–µ–ª–µ–π –≤—Ç–± –º–æ–∏ –∏–Ω–≤–µ—Å—Ç–∏—Ü–∏–∏ —Ä–æ—Å—Ç –≤–≤–ø 33 2024 –≥–æ–¥—É –∏–Ω—Ñ–ª—è—Ü–∏—è –æ–∫–æ–ª–æ 7 –∫–ª—é—á–µ–≤–∞—è —Å—Ç–∞–≤–∫–∞ 17 –∫–æ–Ω–µ—Ü 2024 –≥–æ–¥–∞ —Å—Ä–µ–¥–Ω—è—è —Ü–µ–Ω–∞ –Ω–µ—Ñ—Ç–∏ urals –ø–æ—Ä—è–¥–∫–∞ 69 –±–∞—Ä—Ä–µ–ª—å —Å—Ç–æ–∏–º–æ—Å—Ç—å –∑–æ–ª–æ—Ç–∞ 2270 —É–Ω—Ü–∏—é –∫–æ–Ω–µ—Ü –≥–æ–¥–∞ –∫—É—Ä—Å –¥–æ–ª–ª–∞—Ä–∞ —Ä—É–±–ª—é 933 —Ä—É–±1 –∫—É—Ä—Å —é–∞–Ω—è —Ä—É–±–ª—é 128 —Ä—É–± –∫–æ–Ω–µ—Ü 2024 –≥–æ–¥–∞ ifaxgo,—ç–∫—Å–ø–µ—Ä—Ç—ã –ø–æ–¥–µ–ª–∏–ª–∏—Å—å –∏–Ω–≤–µ—Å—Ç–∏—Ü–∏–æ–Ω–Ω–æ–π —Å—Ç—Ä–∞—Ç–µ–≥–∏–µ–π —Ç—Ä–µ—Ç–∏–π –∫–≤–∞—Ä—Ç–∞–ª 2024 –≥–æ–¥–∞ –º–Ω–µ–Ω–∏—é —ç–∫—Å–ø–µ—Ä—Ç–æ–≤ –≤—Ç–± –º–æ–∏ –∏–Ω–≤–µ—Å—Ç–∏—Ü–∏–∏ –Ω–∞–∏–±–æ–ª–µ–µ –∏–Ω—Ç–µ—Ä–µ—Å–Ω—ã–º–∏ –≤–ª–æ–∂–µ–Ω–∏–π –ø–µ—Ä–∏–æ–¥ —Å—Ç–∞–Ω—É—Ç —Ñ–æ–Ω–¥—ã –¥–µ–Ω–µ–∂–Ω–æ–≥–æ —Ä—ã–Ω–∫–∞ –æ–±–ª–∏–≥–∞—Ü–∏–∏ –ø–ª–∞–≤–∞—é—â–∏–º –∫—É–ø–æ–Ω–æ–º –∞–∫—Ü–∏–∏ –≤–Ω—É—Ç—Ä–µ–Ω–Ω–µ–æ—Ä–∏–µ–Ω—Ç–∏—Ä–æ–≤–∞–Ω–Ω—ã—Ö —Å–µ–∫—Ç–æ—Ä–æ–≤ –ø—Ä–∏–≤–ª–µ–∫–∞—Ç–µ–ª—å–Ω—ã–º–∏ –≤–ª–æ–∂–µ–Ω–∏–π –æ—Å—Ç–∞—é—Ç—Å—è —Ñ–æ–Ω–¥—ã –¥–µ–Ω–µ–∂–Ω–æ–≥–æ —Ä—ã–Ω–∫–∞ –∫–æ—Ç–æ—Ä—ã–µ –∑–∞—â–∏—â–∞—é—Ç –≤–æ–ª–∞—Ç–∏–ª—å–Ω–æ—Å—Ç–∏ –¥–∞—é—Ç —Ö–æ—Ä–æ—à—É—é –¥–æ—Ö–æ–¥–Ω–æ—Å—Ç—å –≤—ã—Å–æ–∫–æ–π –∫–ª—é—á–µ–≤–æ–π —Å—Ç–∞–≤–∫–µ –ø–æ—Ä—Ç—Ñ–µ–ª–µ —Ç–∞–∫–∂–µ –æ–ø—Ç–∏–º–∞–ª—å–Ω–æ –¥–µ—Ä–∂–∞—Ç—å –æ—Ñ–∑ –ø–ª–∞–≤–∞—é—â–∏–º–∏ –∫—É–ø–æ–Ω–∞–º–∏ –ø–µ—Ä–∏–æ–¥ –∂–µ—Å—Ç–∫–æ–π –º–æ–Ω–µ—Ç–∞—Ä–Ω–æ–π –ø–æ–ª–∏—Ç–∏–∫–∏ –ø–æ–¥—Å—Ç—Ä–∞–∏–≤–∞—é—Ç—Å—è —Ç–µ–∫—É—â–∏–º —Å—Ç–∞–≤–∫–∞–º —É—Å—Ç–æ–π—á–∏–≤—ã —Ü–µ–Ω–µ –∫—Ä–æ–º–µ –∂–¥–µ–º —Å—Ç–∞–±–∏–ª–∏–∑–∞—Ü–∏—é –¥–æ—Ö–æ–¥–Ω–æ—Å—Ç–µ–π –∑–∞–º–µ—â–∞—é—â–∏—Ö –æ–±–ª–∏–≥–∞—Ü–∏–π —Ñ–æ–Ω–µ –∞–¥–∞–ø—Ç–∞—Ü–∏–∏ —É—á–∞—Å—Ç–Ω–∏–∫–æ–≤ —Ä—ã–Ω–∫–∞ —Ç–µ–∫—É—â–µ–º—É –∫—É—Ä—Å—É —Ä—É–±–ª—è –∑–∞–≤–µ—Ä—à–µ–Ω–∏—è –∑–∞–º–µ—â–µ–Ω–∏–π —Ç–∞–∫–∂–µ –ø—Ä–∏–≤–ª–µ–∫–∞—Ç–µ–ª—å–Ω—ã—Ö —É—Ä–æ–≤–Ω—è—Ö –Ω–∞—Ö–æ–¥—è—Ç—Å—è –¥–æ—Ö–æ–¥–Ω–æ—Å—Ç–∏ –Ω–∞–∏–±–æ–ª–µ–µ –ª–∏–∫–≤–∏–¥–Ω—ã—Ö –¥–æ–ª–≥–æ–≤—ã—Ö –∏–Ω—Å—Ç—Ä—É–º–µ–Ω—Ç–æ–≤ —é–∞–Ω—è—Ö 89 —Å—Ä–æ–∫–µ –ø–æ–≥–∞—à–µ–Ω–∏—è 225 –≥–æ–¥–∞ –æ—Ç–º–µ—Ç–∏–ª –∏–Ω–≤–µ—Å—Ç–∏—Ü–∏–æ–Ω–Ω—ã–π —Å—Ç—Ä–∞—Ç–µ–≥ –≤—Ç–± –º–æ–∏ –∏–Ω–≤–µ—Å—Ç–∏—Ü–∏–∏ –∞–ª–µ–∫—Å–µ–π –∫–æ—Ä–Ω–∏–ª–æ–≤ 20232025 –≥–æ–¥–∞—Ö –æ–∂–∏–¥–∞–µ–º–∞—è —á–∏—Å—Ç–∞—è –ø—Ä–∏–±—ã–ª—å –ø–æ—Ç—Ä–µ–±–∏—Ç–µ–ª—å—Å–∫–æ–≥–æ —Ñ–∏–Ω–∞–Ω—Å–æ–≤–æ–≥–æ —Å–µ–∫—Ç–æ—Ä–æ–≤ –≤—ã—à–µ –∏–Ω–¥–µ–∫—Å–∞ –º–æ—Å–±–∏—Ä–∂–∏ 175 11 —Å–æ–æ—Ç–≤–µ—Ç—Å—Ç–≤–µ–Ω–Ω–æ —Ç–µ–º–ø—ã —Ä–æ—Å—Ç–∞ –ø—Ä–∏–±—ã–ª–∏ it—Å–µ–∫—Ç–æ—Ä–∞ –≤—ã—à–µ –ø—Ä–∏–º–µ—Ä–Ω–æ 55 –ø–æ–ø—Ä–µ–∂–Ω–µ–º—É –¥–µ–ª–∞–µ–º –∞–∫—Ü–µ–Ω—Ç –∞–∫—Ü–∏—è—Ö —Å—Ä–µ–¥–Ω–µ–π –º–∞–ª–æ–π –∫–∞–ø–∏—Ç–∞–ª–∏–∑–∞—Ü–∏–∏ –¥–æ—Ö–æ–¥–Ω–æ—Å—Ç—å –∫–æ—Ç–æ—Ä—ã—Ö –æ–ø–µ—Ä–µ–∂–∞–µ—Ç —Ä—ã–Ω–æ–∫ –≥–æ–≤–æ—Ä–∏—Ç—Å—è —Å—Ç—Ä–∞—Ç–µ–≥–∏–∏ –±—Ä–æ–∫–µ—Ä–∞ –ø—Ä–æ–≥–Ω–æ–∑—ã –æ—Å–Ω–æ–≤–Ω—ã—Ö –º–∞–∫—Ä–æ—ç–∫–æ–Ω–æ–º–∏—á–µ—Å–∫–∏—Ö –ø–æ–∫–∞–∑–∞—Ç–µ–ª–µ–π –≤—Ç–± –º–æ–∏ –∏–Ω–≤–µ—Å—Ç–∏—Ü–∏–∏ —Ä–æ—Å—Ç –≤–≤–ø 33 2024 –≥–æ–¥—É –∏–Ω—Ñ–ª—è—Ü–∏—è –æ–∫–æ–ª–æ 7 –∫–ª—é—á–µ–≤–∞—è —Å—Ç–∞–≤–∫–∞ 17 –∫–æ–Ω–µ—Ü 2024 –≥–æ–¥–∞ —Å—Ä–µ–¥–Ω—è—è —Ü–µ–Ω–∞ –Ω–µ—Ñ—Ç–∏ urals –ø–æ—Ä—è–¥–∫–∞ 69 –±–∞—Ä—Ä–µ–ª—å —Å—Ç–æ–∏–º–æ—Å—Ç—å –∑–æ–ª–æ—Ç–∞ 2270 —É–Ω—Ü–∏—é –∫–æ–Ω–µ—Ü –≥–æ–¥–∞ –∫—É—Ä—Å –¥–æ–ª–ª–∞—Ä–∞ —Ä—É–±–ª—é 933 —Ä—É–±1 –∫—É—Ä—Å —é–∞–Ω—è —Ä—É–±–ª—é 128 —Ä—É–± –∫–æ–Ω–µ—Ü 2024 –≥–æ–¥–∞ ifaxgo –ò–Ω—Ç–µ—Ä—Ñ–∞–∫—Å. –†—ã–Ω–∫–∏,–≠–∫—Å–ø–µ—Ä—Ç—ã –ø–æ–¥–µ–ª–∏–ª–∏—Å—å –∏–Ω–≤–µ—Å—Ç–∏—Ü–∏–æ–Ω–Ω–æ–π —Å—Ç—Ä–∞—Ç–µ–≥–∏–µ–π –Ω–∞ —Ç—Ä–µ—Ç–∏–π –∫–≤–∞—Ä—Ç–∞–ª 2024 –≥–æ–¥–∞
"–ò–Ω—Ñ–ª—è—Ü–∏—è –≤ –µ–≤—Ä–æ–∑–æ–Ω–µ –≤ –∏—é–Ω–µ –∑–∞–º–µ–¥–ª–∏–ª–∞—Å—å –¥–æ 2,5%, –∫–∞–∫ –∏ –æ–∂–∏–¥–∞–ª–æ—Å—å","–ò–Ω—Ñ–ª—è—Ü–∏—è –≤ –µ–≤—Ä–æ–∑–æ–Ω–µ –≤ –∏—é–Ω–µ –∑–∞–º–µ–¥–ª–∏–ª–∞—Å—å –¥–æ 2,5%, –∫–∞–∫ –∏ –æ–∂–∏–¥–∞–ª–æ—Å—å

–ü–æ—Ç—Ä–µ–±–∏—Ç–µ–ª—å—Å–∫–∏–µ —Ü–µ–Ω—ã –≤ –µ–≤—Ä–æ–∑–æ–Ω–µ –≤ –∏—é–Ω–µ —É–≤–µ–ª–∏—á–∏–ª–∏—Å—å –Ω–∞ 2,5% –≤ –≥–æ–¥–æ–≤–æ–º –≤—ã—Ä–∞–∂–µ–Ω–∏–∏, –≥–æ–≤–æ—Ä–∏—Ç—Å—è –≤ –æ—Ç—á–µ—Ç–µ —Å—Ç–∞—Ç–∏—Å—Ç–∏—á–µ—Å–∫–æ–≥–æ —É–ø—Ä–∞–≤–ª–µ–Ω–∏—è –ï–≤—Ä–æ–ø–µ–π—Å–∫–æ–≥–æ —Å–æ—é–∑–∞, –ø—Ä–µ–¥—Å—Ç–∞–≤–∏–≤—à–µ–≥–æ –ø—Ä–µ–¥–≤–∞—Ä–∏—Ç–µ–ª—å–Ω—ã–µ –¥–∞–Ω–Ω—ã–µ.

–¢–∞–∫–∏–º –æ–±—Ä–∞–∑–æ–º, –∏–Ω—Ñ–ª—è—Ü–∏—è –∑–∞–º–µ–¥–ª–∏–ª–∞—Å—å –ø–æ —Å—Ä–∞–≤–Ω–µ–Ω–∏—é —Å –º–∞–µ–º, –∫–æ–≥–¥–∞ –æ–Ω–∞ —Å–æ—Å—Ç–∞–≤–∏–ª–∞ 2,6%.

–ö–æ–Ω—Å–µ–Ω—Å—É—Å-–ø—Ä–æ–≥–Ω–æ–∑ –∞–Ω–∞–ª–∏—Ç–∏–∫–æ–≤, –∫–æ—Ç–æ—Ä—ã–π –ø—Ä–∏–≤–æ–¥–∏—Ç Trading Economics, —Ç–∞–∫–∂–µ –ø—Ä–µ–¥—É—Å–º–∞—Ç—Ä–∏–≤–∞–ª —Å–Ω–∏–∂–µ–Ω–∏–µ —Ç–µ–º–ø–æ–≤ –¥–æ 2,5%.

@ifax_go",2024-07-02T09:36:06+00:00,–ò–Ω—Ç–µ—Ä—Ñ–∞–∫—Å. –†—ã–Ω–∫–∏,https://t.me/ifax_go/11812,—ç–∫–æ–Ω–æ–º–∏–∫–∞,–∏–Ω—Ñ–ª—è—Ü–∏—è –µ–≤—Ä–æ–∑–æ–Ω–µ –∏—é–Ω–µ –∑–∞–º–µ–¥–ª–∏–ª–∞—Å—å 25 –æ–∂–∏–¥–∞–ª–æ—Å—å –ø–æ—Ç—Ä–µ–±–∏—Ç–µ–ª—å—Å–∫–∏–µ —Ü–µ–Ω—ã –µ–≤—Ä–æ–∑–æ–Ω–µ –∏—é–Ω–µ —É–≤–µ–ª–∏—á–∏–ª–∏—Å—å 25 –≥–æ–¥–æ–≤–æ–º –≤—ã—Ä–∞–∂–µ–Ω–∏–∏ –≥–æ–≤–æ—Ä–∏—Ç—Å—è –æ—Ç—á–µ—Ç–µ —Å—Ç–∞—Ç–∏—Å—Ç–∏—á–µ—Å–∫–æ–≥–æ —É–ø—Ä–∞–≤–ª–µ–Ω–∏—è –µ–≤—Ä–æ–ø–µ–π—Å–∫–æ–≥–æ —Å–æ—é–∑–∞ –ø—Ä–µ–¥—Å—Ç–∞–≤–∏–≤—à–µ–≥–æ –ø—Ä–µ–¥–≤–∞—Ä–∏—Ç–µ–ª—å–Ω—ã–µ –¥–∞–Ω–Ω—ã–µ —Ç–∞–∫–∏–º –æ–±—Ä–∞–∑–æ–º –∏–Ω—Ñ–ª—è—Ü–∏—è –∑–∞–º–µ–¥–ª–∏–ª–∞—Å—å —Å—Ä–∞–≤–Ω–µ–Ω–∏—é –º–∞–µ–º —Å–æ—Å—Ç–∞–≤–∏–ª–∞ 26 –∫–æ–Ω—Å–µ–Ω—Å—É—Å–ø—Ä–æ–≥–Ω–æ–∑ –∞–Ω–∞–ª–∏—Ç–∏–∫–æ–≤ –∫–æ—Ç–æ—Ä—ã–π –ø—Ä–∏–≤–æ–¥–∏—Ç trading economics —Ç–∞–∫–∂–µ –ø—Ä–µ–¥—É—Å–º–∞—Ç—Ä–∏–≤–∞–ª —Å–Ω–∏–∂–µ–Ω–∏–µ —Ç–µ–º–ø–æ–≤ 25 ifaxgo,–∏–Ω—Ñ–ª—è—Ü–∏—è –µ–≤—Ä–æ–∑–æ–Ω–µ –∏—é–Ω–µ –∑–∞–º–µ–¥–ª–∏–ª–∞—Å—å 25 –æ–∂–∏–¥–∞–ª–æ—Å—å –ø–æ—Ç—Ä–µ–±–∏—Ç–µ–ª—å—Å–∫–∏–µ —Ü–µ–Ω—ã –µ–≤—Ä–æ–∑–æ–Ω–µ –∏—é–Ω–µ —É–≤–µ–ª–∏—á–∏–ª–∏—Å—å 25 –≥–æ–¥–æ–≤–æ–º –≤—ã—Ä–∞–∂–µ–Ω–∏–∏ –≥–æ–≤–æ—Ä–∏—Ç—Å—è –æ—Ç—á–µ—Ç–µ —Å—Ç–∞—Ç–∏—Å—Ç–∏—á–µ—Å–∫–æ–≥–æ —É–ø—Ä–∞–≤–ª–µ–Ω–∏—è –µ–≤—Ä–æ–ø–µ–π—Å–∫–æ–≥–æ —Å–æ—é–∑–∞ –ø—Ä–µ–¥—Å—Ç–∞–≤–∏–≤—à–µ–≥–æ –ø—Ä–µ–¥–≤–∞—Ä–∏—Ç–µ–ª—å–Ω—ã–µ –¥–∞–Ω–Ω—ã–µ —Ç–∞–∫–∏–º –æ–±—Ä–∞–∑–æ–º –∏–Ω—Ñ–ª—è—Ü–∏—è –∑–∞–º–µ–¥–ª–∏–ª–∞—Å—å —Å—Ä–∞–≤–Ω–µ–Ω–∏—é –º–∞–µ–º —Å–æ—Å—Ç–∞–≤–∏–ª–∞ 26 –∫–æ–Ω—Å–µ–Ω—Å—É—Å–ø—Ä–æ–≥–Ω–æ–∑ –∞–Ω–∞–ª–∏—Ç–∏–∫–æ–≤ –∫–æ—Ç–æ—Ä—ã–π –ø—Ä–∏–≤–æ–¥–∏—Ç trading economics —Ç–∞–∫–∂–µ –ø—Ä–µ–¥—É—Å–º–∞—Ç—Ä–∏–≤–∞–ª —Å–Ω–∏–∂–µ–Ω–∏–µ —Ç–µ–º–ø–æ–≤ 25 ifaxgo –ò–Ω—Ç–µ—Ä—Ñ–∞–∫—Å. –†—ã–Ω–∫–∏,"–ò–Ω—Ñ–ª—è—Ü–∏—è –≤ –µ–≤—Ä–æ–∑–æ–Ω–µ –∑–∞–º–µ–¥–ª–∏–ª–∞—Å—å –¥–æ 2,5%"
"–ê–∫—Ü–∏–æ–Ω–µ—Ä—ã ""–ê–±—Ä–∞—É-–î—é—Ä—Å–æ"" —É—Ç–≤–µ—Ä–¥–∏–ª–∏ –¥–∏–≤–∏–¥–µ–Ω–¥—ã –∑–∞ 2023 –≥–æ–¥ –≤ 3,27 —Ä—É–±. –Ω–∞ –∞–∫—Ü–∏—é","–ê–∫—Ü–∏–æ–Ω–µ—Ä—ã ""–ê–±—Ä–∞—É-–î—é—Ä—Å–æ"" —É—Ç–≤–µ—Ä–¥–∏–ª–∏ –¥–∏–≤–∏–¥–µ–Ω–¥—ã –∑–∞ 2023 –≥–æ–¥ –≤ 3,27 —Ä—É–±. –Ω–∞ –∞–∫—Ü–∏—é

–ê–∫—Ü–∏–æ–Ω–µ—Ä—ã –ü–ê–û ""–ê–±—Ä–∞—É-–î—é—Ä—Å–æ"", –≤–µ–¥—É—â–µ–≥–æ –ø—Ä–æ–∏–∑–≤–æ–¥–∏—Ç–µ–ª—è –∏–≥—Ä–∏—Å—Ç—ã—Ö –≤–∏–Ω –≤ –†–§, —É—Ç–≤–µ—Ä–¥–∏–ª–∏ —Ä–µ–∫–æ–º–µ–Ω–¥–∞—Ü–∏—é —Å–æ–≤–µ—Ç–∞ –¥–∏—Ä–µ–∫—Ç–æ—Ä–æ–≤ –ø–æ –≤—ã–ø–ª–∞—Ç–µ —Ñ–∏–Ω–∞–ª—å–Ω—ã—Ö –¥–∏–≤–∏–¥–µ–Ω–¥–æ–≤ –∑–∞ 2023 –≥–æ–¥ –≤ 3,27 —Ä—É–±–ª—è –Ω–∞ –∞–∫—Ü–∏—é, —Å–æ–æ–±—â–∞–µ—Ç—Å—è –≤ –º–∞—Ç–µ—Ä–∏–∞–ª–∞—Ö –∫–æ–º–ø–∞–Ω–∏–∏.

–û–±—â–∞—è —Å—É–º–º–∞ –≤—ã–ø–ª–∞—Ç —Å–æ—Å—Ç–∞–≤–∏—Ç 320,46 –º–ª–Ω —Ä—É–±–ª–µ–π.

–ü—Ä–∞–≤–æ –Ω–∞ –¥–∏–≤–∏–¥–µ–Ω–¥—ã –ø–æ–ª—É—á–∞—Ç –∞–∫—Ü–∏–æ–Ω–µ—Ä—ã, –≤–∫–ª—é—á–µ–Ω–Ω—ã–µ –≤ —Ä–µ–µ—Å—Ç—Ä –ø–æ —Å–æ—Å—Ç–æ—è–Ω–∏—é –Ω–∞ 17 –∏—é–ª—è 2024 –≥–æ–¥–∞.

@ifax_go",2024-07-02T09:09:56+00:00,–ò–Ω—Ç–µ—Ä—Ñ–∞–∫—Å. –†—ã–Ω–∫–∏,https://t.me/ifax_go/11811,—ç–∫–æ–Ω–æ–º–∏–∫–∞,–∞–∫—Ü–∏–æ–Ω–µ—Ä—ã –∞–±—Ä–∞—É–¥—é—Ä—Å–æ —É—Ç–≤–µ—Ä–¥–∏–ª–∏ –¥–∏–≤–∏–¥–µ–Ω–¥—ã 2023 –≥–æ–¥ 327 —Ä—É–± –∞–∫—Ü–∏—é –∞–∫—Ü–∏–æ–Ω–µ—Ä—ã –ø–∞–æ –∞–±—Ä–∞—É–¥—é—Ä—Å–æ –≤–µ–¥—É—â–µ–≥–æ –ø—Ä–æ–∏–∑–≤–æ–¥–∏—Ç–µ–ª—è –∏–≥—Ä–∏—Å—Ç—ã—Ö –≤–∏–Ω —Ä—Ñ —É—Ç–≤–µ—Ä–¥–∏–ª–∏ —Ä–µ–∫–æ–º–µ–Ω–¥–∞—Ü–∏—é —Å–æ–≤–µ—Ç–∞ –¥–∏—Ä–µ–∫—Ç–æ—Ä–æ–≤ –≤—ã–ø–ª–∞—Ç–µ —Ñ–∏–Ω–∞–ª—å–Ω—ã—Ö –¥–∏–≤–∏–¥–µ–Ω–¥–æ–≤ 2023 –≥–æ–¥ 327 —Ä—É–±–ª—è –∞–∫—Ü–∏—é —Å–æ–æ–±—â–∞–µ—Ç—Å—è –º–∞—Ç–µ—Ä–∏–∞–ª–∞—Ö –∫–æ–º–ø–∞–Ω–∏–∏ –æ–±—â–∞—è —Å—É–º–º–∞ –≤—ã–ø–ª–∞—Ç —Å–æ—Å—Ç–∞–≤–∏—Ç 32046 –º–ª–Ω —Ä—É–±–ª–µ–π –ø—Ä–∞–≤–æ –¥–∏–≤–∏–¥–µ–Ω–¥—ã –ø–æ–ª—É—á–∞—Ç –∞–∫—Ü–∏–æ–Ω–µ—Ä—ã –≤–∫–ª—é—á–µ–Ω–Ω—ã–µ —Ä–µ–µ—Å—Ç—Ä —Å–æ—Å—Ç–æ—è–Ω–∏—é 17 –∏—é–ª—è 2024 –≥–æ–¥–∞ ifaxgo,–∞–∫—Ü–∏–æ–Ω–µ—Ä—ã –∞–±—Ä–∞—É–¥—é—Ä—Å–æ —É—Ç–≤–µ—Ä–¥–∏–ª–∏ –¥–∏–≤–∏–¥–µ–Ω–¥—ã 2023 –≥–æ–¥ 327 —Ä—É–± –∞–∫—Ü–∏—é –∞–∫—Ü–∏–æ–Ω–µ—Ä—ã –ø–∞–æ –∞–±—Ä–∞—É–¥—é—Ä—Å–æ –≤–µ–¥—É—â–µ–≥–æ –ø—Ä–æ–∏–∑–≤–æ–¥–∏—Ç–µ–ª—è –∏–≥—Ä–∏—Å—Ç—ã—Ö –≤–∏–Ω —Ä—Ñ —É—Ç–≤–µ—Ä–¥–∏–ª–∏ —Ä–µ–∫–æ–º–µ–Ω–¥–∞—Ü–∏—é —Å–æ–≤–µ—Ç–∞ –¥–∏—Ä–µ–∫—Ç–æ—Ä–æ–≤ –≤—ã–ø–ª–∞—Ç–µ —Ñ–∏–Ω–∞–ª—å–Ω—ã—Ö –¥–∏–≤–∏–¥–µ–Ω–¥–æ–≤ 2023 –≥–æ–¥ 327 —Ä—É–±–ª—è –∞–∫—Ü–∏—é —Å–æ–æ–±—â–∞–µ—Ç—Å—è –º–∞—Ç–µ—Ä–∏–∞–ª–∞—Ö –∫–æ–º–ø–∞–Ω–∏–∏ –æ–±—â–∞—è —Å—É–º–º–∞ –≤—ã–ø–ª–∞—Ç —Å–æ—Å—Ç–∞–≤–∏—Ç 32046 –º–ª–Ω —Ä—É–±–ª–µ–π –ø—Ä–∞–≤–æ –¥–∏–≤–∏–¥–µ–Ω–¥—ã –ø–æ–ª—É—á–∞—Ç –∞–∫—Ü–∏–æ–Ω–µ—Ä—ã –≤–∫–ª—é—á–µ–Ω–Ω—ã–µ —Ä–µ–µ—Å—Ç—Ä —Å–æ—Å—Ç–æ—è–Ω–∏—é 17 –∏—é–ª—è 2024 –≥–æ–¥–∞ ifaxgo –ò–Ω—Ç–µ—Ä—Ñ–∞–∫—Å. –†—ã–Ω–∫–∏,"–ê–∫—Ü–∏–æ–Ω–µ—Ä—ã —É—Ç–≤–µ—Ä–¥–∏–ª–∏ –¥–∏–≤–∏–¥–µ–Ω–¥—ã –∑–∞ 2023 –≥–æ–¥ –≤ 3,27 —Ä—É–±–ª—è –Ω–∞ –∞–∫—Ü–∏—é"
"–ü–æ–ª—å–∑–æ–≤–∞—Ç–µ–ª–∏ Google Pixel 6, Pixel 6 Pro –∏ Pixel 6A —Ä–∞—Å—Å–∫–∞–∑–∞–ª–∏ –æ–± ¬´–æ–∫–∏—Ä–ø–∏—á–∏–≤–∞–Ω–∏–∏¬ª —Å–º–∞—Ä—Ç—Ñ–æ–Ω–æ–≤ –ø–æ—Å–ª–µ —Å–±—Ä–æ—Å–∞ —É—Å—Ç—Ä–æ–π—Å—Ç–≤ –¥–æ –∑–∞–≤–æ–¥—Å–∫–∏—Ö –Ω–∞—Å—Ç—Ä–æ–µ–∫. –í Google —Å–æ–æ–±—â–∏–ª–∏, —á—Ç–æ –∑–Ω–∞—é—Ç –æ –ø—Ä–æ–±–ª–µ–º–µ –∏ –∏–∑—É—á–∞—é—Ç –ø—Ä–∏—á–∏–Ω—ã –µ—ë –≤–æ–∑–Ω–∏–∫–Ω–æ–≤–µ–Ω–∏—è.","–ü–æ–ª—å–∑–æ–≤–∞—Ç–µ–ª–∏ Google Pixel 6, Pixel 6 Pro –∏ Pixel 6A —Ä–∞—Å—Å–∫–∞–∑–∞–ª–∏ –æ–± ¬´–æ–∫–∏—Ä–ø–∏—á–∏–≤–∞–Ω–∏–∏¬ª —Å–º–∞—Ä—Ç—Ñ–æ–Ω–æ–≤ –ø–æ—Å–ª–µ —Å–±—Ä–æ—Å–∞ —É—Å—Ç—Ä–æ–π—Å—Ç–≤ –¥–æ –∑–∞–≤–æ–¥—Å–∫–∏—Ö –Ω–∞—Å—Ç—Ä–æ–µ–∫. –í Google —Å–æ–æ–±—â–∏–ª–∏, —á—Ç–æ –∑–Ω–∞—é—Ç –æ –ø—Ä–æ–±–ª–µ–º–µ –∏ –∏–∑—É—á–∞—é—Ç –ø—Ä–∏—á–∏–Ω—ã –µ—ë –≤–æ–∑–Ω–∏–∫–Ω–æ–≤–µ–Ω–∏—è.

#—Ç–µ—Ö–Ω–∏–∫–∞ #–û–° #Google",2024-07-02T13:20:09+00:00,–•–∞–±—Ä –ù–æ–≤–æ—Å—Ç–∏,https://t.me/habr_com_news/29082,–æ–±—Ä–∞–∑–æ–≤–∞–Ω–∏–µ,–ø–æ–ª—å–∑–æ–≤–∞—Ç–µ–ª–∏ google pixel 6 pixel 6 pro pixel 6a —Ä–∞—Å—Å–∫–∞–∑–∞–ª–∏ –æ–∫–∏—Ä–ø–∏—á–∏–≤–∞–Ω–∏–∏ —Å–º–∞—Ä—Ç—Ñ–æ–Ω–æ–≤ —Å–±—Ä–æ—Å–∞ —É—Å—Ç—Ä–æ–π—Å—Ç–≤ –∑–∞–≤–æ–¥—Å–∫–∏—Ö –Ω–∞—Å—Ç—Ä–æ–µ–∫ google —Å–æ–æ–±—â–∏–ª–∏ –∑–Ω–∞—é—Ç –ø—Ä–æ–±–ª–µ–º–µ –∏–∑—É—á–∞—é—Ç –ø—Ä–∏—á–∏–Ω—ã –µ—ë –≤–æ–∑–Ω–∏–∫–Ω–æ–≤–µ–Ω–∏—è —Ç–µ—Ö–Ω–∏–∫–∞ –æ—Å google,–ø–æ–ª—å–∑–æ–≤–∞—Ç–µ–ª–∏ google pixel 6 pixel 6 pro pixel 6a —Ä–∞—Å—Å–∫–∞–∑–∞–ª–∏ –æ–∫–∏—Ä–ø–∏—á–∏–≤–∞–Ω–∏–∏ —Å–º–∞—Ä—Ç—Ñ–æ–Ω–æ–≤ —Å–±—Ä–æ—Å–∞ —É—Å—Ç—Ä–æ–π—Å—Ç–≤ –∑–∞–≤–æ–¥—Å–∫–∏—Ö –Ω–∞—Å—Ç—Ä–æ–µ–∫ google —Å–æ–æ–±—â–∏–ª–∏ –∑–Ω–∞—é—Ç –ø—Ä–æ–±–ª–µ–º–µ –∏–∑—É—á–∞—é—Ç –ø—Ä–∏—á–∏–Ω—ã –µ—ë –≤–æ–∑–Ω–∏–∫–Ω–æ–≤–µ–Ω–∏—è —Ç–µ—Ö–Ω–∏–∫–∞ –æ—Å google –•–∞–±—Ä –ù–æ–≤–æ—Å—Ç–∏,–ü—Ä–æ–±–ª–µ–º–∞ —Å ¬´–æ–∫–∏—Ä–ø–∏—á–∏–≤–∞–Ω–∏–µ–º¬ª —Å–º–∞—Ä—Ç—Ñ–æ–Ω–æ–≤ –ø–æ—Å–ª–µ —Å–±—Ä–æ—Å–∞ –¥–æ –∑–∞–≤–æ–¥—Å–∫–∏—Ö –Ω–∞—Å—Ç—Ä–æ–µ–∫
–ö–∞–∫ —Ä–∞–±–æ—Ç–∞—é—Ç —è–∑—ã–∫–æ–≤—ã–µ –º–æ–¥–µ–ª–∏,"–ö–∞–∫ —Ä–∞–±–æ—Ç–∞—é—Ç —è–∑—ã–∫–æ–≤—ã–µ –º–æ–¥–µ–ª–∏

#–ü–µ—Ä–µ–≤–æ–¥ #–ò—Å–∫–ò–Ω",2024-07-02T08:20:13+00:00,–•–∞–±—Ä –ù–æ–≤–æ—Å—Ç–∏,https://t.me/habr_com_news/29057,–æ–±—Ä–∞–∑–æ–≤–∞–Ω–∏–µ,—Ä–∞–±–æ—Ç–∞—é—Ç —è–∑—ã–∫–æ–≤—ã–µ –º–æ–¥–µ–ª–∏ –ø–µ—Ä–µ–≤–æ–¥ –∏—Å–∫–∏–Ω,—Ä–∞–±–æ—Ç–∞—é—Ç —è–∑—ã–∫–æ–≤—ã–µ –º–æ–¥–µ–ª–∏ –ø–µ—Ä–µ–≤–æ–¥ –∏—Å–∫–∏–Ω –•–∞–±—Ä –ù–æ–≤–æ—Å—Ç–∏,–Ø–∑—ã–∫–æ–≤—ã–µ –º–æ–¥–µ–ª–∏ –∏ –∏—Å–∫—É—Å—Å—Ç–≤–µ–Ω–Ω—ã–π –∏–Ω—Ç–µ–ª–ª–µ–∫—Ç
"–î–∞–π–¥–∂–µ—Å—Ç –Ω–∞—É—á–ø–æ–ø-–Ω–æ–≤–æ—Å—Ç–µ–π –∑–∞ –Ω–µ–¥–µ–ª—é, –æ –∫–æ—Ç–æ—Ä—ã—Ö –º—ã –Ω–∏—á–µ–≥–æ –Ω–µ –ø–∏—Å–∞–ª–∏","–î–∞–π–¥–∂–µ—Å—Ç –Ω–∞—É—á–ø–æ–ø-–Ω–æ–≤–æ—Å—Ç–µ–π –∑–∞ –Ω–µ–¥–µ–ª—é, –æ –∫–æ—Ç–æ—Ä—ã—Ö –º—ã –Ω–∏—á–µ–≥–æ –Ω–µ –ø–∏—Å–∞–ª–∏

#–Ω–∞—É–∫–∞",2024-07-02T12:40:08+00:00,–•–∞–±—Ä –ù–æ–≤–æ—Å—Ç–∏,https://t.me/habr_com_news/29081,–º–æ–¥–∞,–¥–∞–π–¥–∂–µ—Å—Ç –Ω–∞—É—á–ø–æ–ø–Ω–æ–≤–æ—Å—Ç–µ–π –Ω–µ–¥–µ–ª—é –∫–æ—Ç–æ—Ä—ã—Ö –ø–∏—Å–∞–ª–∏ –Ω–∞—É–∫–∞,–¥–∞–π–¥–∂–µ—Å—Ç –Ω–∞—É—á–ø–æ–ø–Ω–æ–≤–æ—Å—Ç–µ–π –Ω–µ–¥–µ–ª—é –∫–æ—Ç–æ—Ä—ã—Ö –ø–∏—Å–∞–ª–∏ –Ω–∞—É–∫–∞ –•–∞–±—Ä –ù–æ–≤–æ—Å—Ç–∏,"–î–∞–π–¥–∂–µ—Å—Ç –Ω–∞—É—á–ø–æ–ø-–Ω–æ–≤–æ—Å—Ç–µ–π –∑–∞ –Ω–µ–¥–µ–ª—é, –æ –∫–æ—Ç–æ—Ä—ã—Ö –º—ã –Ω–µ –ø–∏—Å–∞–ª–∏"
"¬´–ú–¢–° Live¬ª –¥–æ –∫–æ–Ω—Ü–∞ 2024 –≥–æ–¥–∞ –∑–∞–ø—É—Å—Ç–∏—Ç —Å–æ–±—Å—Ç–≤–µ–Ω–Ω—ã–π —Ç–µ–∞—Ç—Ä –Ω–∞ –º–µ—Å—Ç–µ –±—ã–≤—à–µ–≥–æ –∫–æ–Ω—Ü–µ—Ä—Ç–Ω–æ–≥–æ –∑–∞–ª–∞ ¬´–ú–∏—Ä¬ª –Ω–∞ –¶–≤–µ—Ç–Ω–æ–º –±—É–ª—å–≤–∞—Ä–µ –≤ –ú–æ—Å–∫–≤–µ. –†–∞–∑–≤–∏–≤–∞—Ç—å –ø—Ä–æ–µ–∫—Ç, –∫–æ—Ç–æ—Ä—ã–π –ø–æ–ª—É—á–∏–ª –Ω–∞–∑–≤–∞–Ω–∏–µ ¬´–¢–µ–∞—Ç—Ä –Ω–∞ –¶–≤–µ—Ç–Ω–æ–º¬ª –∫–æ–º–ø–∞–Ω–∏—è –ø–ª–∞–Ω–∏—Ä—É–µ—Ç —Å–æ–≤–º–µ—Å—Ç–Ω–æ —Å –ø–∞—Ä—Ç–Ω—ë—Ä–∞–º–∏: —Ä–µ—Å—Ç–æ—Ä–∞–Ω–Ω—ã–º —Ö–æ–ª–¥–∏–Ω–≥–æ–º Pinskiy & Co –ê–Ω—Ç–æ–Ω–∞ –ü–∏–Ω—Å–∫–æ–≥–æ –∏ –∫–ª–æ—É–Ω—Å–∫–∏–º –ª–µ–π–±–ª–æ–º ¬´–ö–ª–∞—É–Ω—Ö–∞—É—Å¬ª (–≤–∫–ª—é—á–∞–µ—Ç –≤ —Å–µ–±—è –ø—Ä–æ–¥—é—Å–µ—Ä—Å–∫–∏–π —Ü–µ–Ω—Ç—Ä –¥–ª—è –∫–ª–æ—É–Ω–æ–≤, –∫—Ä–µ–∞—Ç–∏–≤–Ω–æ–µ –∞–≥–µ–Ω—Ç—Å—Ç–≤–æ –∏ –ø—Ä–æ–¥–∞–∫—à–Ω).","¬´–ú–¢–° Live¬ª –¥–æ –∫–æ–Ω—Ü–∞ 2024 –≥–æ–¥–∞ –∑–∞–ø—É—Å—Ç–∏—Ç —Å–æ–±—Å—Ç–≤–µ–Ω–Ω—ã–π —Ç–µ–∞—Ç—Ä –Ω–∞ –º–µ—Å—Ç–µ –±—ã–≤—à–µ–≥–æ –∫–æ–Ω—Ü–µ—Ä—Ç–Ω–æ–≥–æ –∑–∞–ª–∞ ¬´–ú–∏—Ä¬ª –Ω–∞ –¶–≤–µ—Ç–Ω–æ–º –±—É–ª—å–≤–∞—Ä–µ –≤ –ú–æ—Å–∫–≤–µ. –†–∞–∑–≤–∏–≤–∞—Ç—å –ø—Ä–æ–µ–∫—Ç, –∫–æ—Ç–æ—Ä—ã–π –ø–æ–ª—É—á–∏–ª –Ω–∞–∑–≤–∞–Ω–∏–µ ¬´–¢–µ–∞—Ç—Ä –Ω–∞ –¶–≤–µ—Ç–Ω–æ–º¬ª –∫–æ–º–ø–∞–Ω–∏—è –ø–ª–∞–Ω–∏—Ä—É–µ—Ç —Å–æ–≤–º–µ—Å—Ç–Ω–æ —Å –ø–∞—Ä—Ç–Ω—ë—Ä–∞–º–∏: —Ä–µ—Å—Ç–æ—Ä–∞–Ω–Ω—ã–º —Ö–æ–ª–¥–∏–Ω–≥–æ–º Pinskiy & Co –ê–Ω—Ç–æ–Ω–∞ –ü–∏–Ω—Å–∫–æ–≥–æ –∏ –∫–ª–æ—É–Ω—Å–∫–∏–º –ª–µ–π–±–ª–æ–º ¬´–ö–ª–∞—É–Ω—Ö–∞—É—Å¬ª (–≤–∫–ª—é—á–∞–µ—Ç –≤ —Å–µ–±—è –ø—Ä–æ–¥—é—Å–µ—Ä—Å–∫–∏–π —Ü–µ–Ω—Ç—Ä –¥–ª—è –∫–ª–æ—É–Ω–æ–≤, –∫—Ä–µ–∞—Ç–∏–≤–Ω–æ–µ –∞–≥–µ–Ω—Ç—Å—Ç–≤–æ –∏ –ø—Ä–æ–¥–∞–∫—à–Ω).

#–±–∏–∑–Ω–µ—Å",2024-07-02T11:34:20+00:00,–•–∞–±—Ä –ù–æ–≤–æ—Å—Ç–∏,https://t.me/habr_com_news/29076,–∑–¥–æ—Ä–æ–≤—å–µ,–º—Ç—Å live –∫–æ–Ω—Ü–∞ 2024 –≥–æ–¥–∞ –∑–∞–ø—É—Å—Ç–∏—Ç —Å–æ–±—Å—Ç–≤–µ–Ω–Ω—ã–π —Ç–µ–∞—Ç—Ä –º–µ—Å—Ç–µ –±—ã–≤—à–µ–≥–æ –∫–æ–Ω—Ü–µ—Ä—Ç–Ω–æ–≥–æ –∑–∞–ª–∞ –º–∏—Ä —Ü–≤–µ—Ç–Ω–æ–º –±—É–ª—å–≤–∞—Ä–µ –º–æ—Å–∫–≤–µ —Ä–∞–∑–≤–∏–≤–∞—Ç—å –ø—Ä–æ–µ–∫—Ç –∫–æ—Ç–æ—Ä—ã–π –ø–æ–ª—É—á–∏–ª –Ω–∞–∑–≤–∞–Ω–∏–µ —Ç–µ–∞—Ç—Ä —Ü–≤–µ—Ç–Ω–æ–º –∫–æ–º–ø–∞–Ω–∏—è –ø–ª–∞–Ω–∏—Ä—É–µ—Ç —Å–æ–≤–º–µ—Å—Ç–Ω–æ –ø–∞—Ä—Ç–Ω—ë—Ä–∞–º–∏ —Ä–µ—Å—Ç–æ—Ä–∞–Ω–Ω—ã–º —Ö–æ–ª–¥–∏–Ω–≥–æ–º pinskiy co –∞–Ω—Ç–æ–Ω–∞ –ø–∏–Ω—Å–∫–æ–≥–æ –∫–ª–æ—É–Ω—Å–∫–∏–º –ª–µ–π–±–ª–æ–º –∫–ª–∞—É–Ω—Ö–∞—É—Å –≤–∫–ª—é—á–∞–µ—Ç –ø—Ä–æ–¥—é—Å–µ—Ä—Å–∫–∏–π —Ü–µ–Ω—Ç—Ä –∫–ª–æ—É–Ω–æ–≤ –∫—Ä–µ–∞—Ç–∏–≤–Ω–æ–µ –∞–≥–µ–Ω—Ç—Å—Ç–≤–æ –ø—Ä–æ–¥–∞–∫—à–Ω –±–∏–∑–Ω–µ—Å,–º—Ç—Å live –∫–æ–Ω—Ü–∞ 2024 –≥–æ–¥–∞ –∑–∞–ø—É—Å—Ç–∏—Ç —Å–æ–±—Å—Ç–≤–µ–Ω–Ω—ã–π —Ç–µ–∞—Ç—Ä –º–µ—Å—Ç–µ –±—ã–≤—à–µ–≥–æ –∫–æ–Ω—Ü–µ—Ä—Ç–Ω–æ–≥–æ –∑–∞–ª–∞ –º–∏—Ä —Ü–≤–µ—Ç–Ω–æ–º –±—É–ª—å–≤–∞—Ä–µ –º–æ—Å–∫–≤–µ —Ä–∞–∑–≤–∏–≤–∞—Ç—å –ø—Ä–æ–µ–∫—Ç –∫–æ—Ç–æ—Ä—ã–π –ø–æ–ª—É—á–∏–ª –Ω–∞–∑–≤–∞–Ω–∏–µ —Ç–µ–∞—Ç—Ä —Ü–≤–µ—Ç–Ω–æ–º –∫–æ–º–ø–∞–Ω–∏—è –ø–ª–∞–Ω–∏—Ä—É–µ—Ç —Å–æ–≤–º–µ—Å—Ç–Ω–æ –ø–∞—Ä—Ç–Ω—ë—Ä–∞–º–∏ —Ä–µ—Å—Ç–æ—Ä–∞–Ω–Ω—ã–º —Ö–æ–ª–¥–∏–Ω–≥–æ–º pinskiy co –∞–Ω—Ç–æ–Ω–∞ –ø–∏–Ω—Å–∫–æ–≥–æ –∫–ª–æ—É–Ω—Å–∫–∏–º –ª–µ–π–±–ª–æ–º –∫–ª–∞—É–Ω—Ö–∞—É—Å –≤–∫–ª—é—á–∞–µ—Ç –ø—Ä–æ–¥—é—Å–µ—Ä—Å–∫–∏–π —Ü–µ–Ω—Ç—Ä –∫–ª–æ—É–Ω–æ–≤ –∫—Ä–µ–∞—Ç–∏–≤–Ω–æ–µ –∞–≥–µ–Ω—Ç—Å—Ç–≤–æ –ø—Ä–æ–¥–∞–∫—à–Ω –±–∏–∑–Ω–µ—Å –•–∞–±—Ä –ù–æ–≤–æ—Å—Ç–∏,–ú–¢–° Live –∑–∞–ø—É—Å—Ç–∏—Ç —Ç–µ–∞—Ç—Ä –Ω–∞ –¶–≤–µ—Ç–Ω–æ–º –±—É–ª—å–≤–∞—Ä–µ
"–Ø–ø–æ–Ω—Å–∫–∞—è Vaio –ø—Ä–µ–¥—Å—Ç–∞–≤–∏–ª–∞ –ø–æ—Ä—Ç–∞—Ç–∏–≤–Ω—ã–π 14-–¥—é–π–º–æ–≤—ã–π –º–æ–Ω–∏—Ç–æ—Ä Vaio Vision Plus 14 —Å —Ä–∞–∑—Ä–µ—à–µ–Ω–∏–µ–º 1920—Ö1200 –∏ –≤–µ—Å–æ–º 325 –≥. –í —Å–∞–º–æ–π —à–∏—Ä–æ–∫–æ–π —á–∞—Å—Ç–∏ —Ç–æ–ª—â–∏–Ω–∞ –º–æ–Ω–∏—Ç–æ—Ä–∞ —Å–æ—Å—Ç–∞–≤–ª—è–µ—Ç 12,4 –º–º, –∞ –≤ —Å–∞–º–æ–π —Ç–æ–Ω–∫–æ–π ‚Äî 3,9 –º–º.","–Ø–ø–æ–Ω—Å–∫–∞—è Vaio –ø—Ä–µ–¥—Å—Ç–∞–≤–∏–ª–∞ –ø–æ—Ä—Ç–∞—Ç–∏–≤–Ω—ã–π 14-–¥—é–π–º–æ–≤—ã–π –º–æ–Ω–∏—Ç–æ—Ä Vaio Vision Plus 14 —Å —Ä–∞–∑—Ä–µ—à–µ–Ω–∏–µ–º 1920—Ö1200 –∏ –≤–µ—Å–æ–º 325 –≥. –í —Å–∞–º–æ–π —à–∏—Ä–æ–∫–æ–π —á–∞—Å—Ç–∏ —Ç–æ–ª—â–∏–Ω–∞ –º–æ–Ω–∏—Ç–æ—Ä–∞ —Å–æ—Å—Ç–∞–≤–ª—è–µ—Ç 12,4 –º–º, –∞ –≤ —Å–∞–º–æ–π —Ç–æ–Ω–∫–æ–π ‚Äî 3,9 –º–º.

#—Ç–µ—Ö–Ω–∏–∫–∞",2024-07-02T10:20:11+00:00,–•–∞–±—Ä –ù–æ–≤–æ—Å—Ç–∏,https://t.me/habr_com_news/29069,–ø–æ–ª–∏—Ç–∏–∫–∞,—è–ø–æ–Ω—Å–∫–∞—è vaio –ø—Ä–µ–¥—Å—Ç–∞–≤–∏–ª–∞ –ø–æ—Ä—Ç–∞—Ç–∏–≤–Ω—ã–π 14–¥—é–π–º–æ–≤—ã–π –º–æ–Ω–∏—Ç–æ—Ä vaio vision plus 14 —Ä–∞–∑—Ä–µ—à–µ–Ω–∏–µ–º 1920—Ö1200 –≤–µ—Å–æ–º 325 –≥ —Å–∞–º–æ–π —à–∏—Ä–æ–∫–æ–π —á–∞—Å—Ç–∏ —Ç–æ–ª—â–∏–Ω–∞ –º–æ–Ω–∏—Ç–æ—Ä–∞ —Å–æ—Å—Ç–∞–≤–ª—è–µ—Ç 124 –º–º —Å–∞–º–æ–π —Ç–æ–Ω–∫–æ–π 39 –º–º —Ç–µ—Ö–Ω–∏–∫–∞,—è–ø–æ–Ω—Å–∫–∞—è vaio –ø—Ä–µ–¥—Å—Ç–∞–≤–∏–ª–∞ –ø–æ—Ä—Ç–∞—Ç–∏–≤–Ω—ã–π 14–¥—é–π–º–æ–≤—ã–π –º–æ–Ω–∏—Ç–æ—Ä vaio vision plus 14 —Ä–∞–∑—Ä–µ—à–µ–Ω–∏–µ–º 1920—Ö1200 –≤–µ—Å–æ–º 325 –≥ —Å–∞–º–æ–π —à–∏—Ä–æ–∫–æ–π —á–∞—Å—Ç–∏ —Ç–æ–ª—â–∏–Ω–∞ –º–æ–Ω–∏—Ç–æ—Ä–∞ —Å–æ—Å—Ç–∞–≤–ª—è–µ—Ç 124 –º–º —Å–∞–º–æ–π —Ç–æ–Ω–∫–æ–π 39 –º–º —Ç–µ—Ö–Ω–∏–∫–∞ –•–∞–±—Ä –ù–æ–≤–æ—Å—Ç–∏,Vaio –ø—Ä–µ–¥—Å—Ç–∞–≤–∏–ª–∞ –ø–æ—Ä—Ç–∞—Ç–∏–≤–Ω—ã–π 14-–¥—é–π–º–æ–≤—ã–π –º–æ–Ω–∏—Ç–æ—Ä —Å —Ä–∞–∑—Ä–µ—à–µ–Ω–∏–µ–º 1920√ó1200 –∏ –≤–µ—Å–æ–º 325 –≥
–Æ–∂–Ω–æ–∫–æ—Ä–µ–π—Å–∫–∞—è Samsung –∏ –µ—ë –ø–æ–¥—Ä–∞–∑–¥–µ–ª–µ–Ω–∏–µ –ø–æ –ø—Ä–æ–∏–∑–≤–æ–¥—Å—Ç–≤—É —ç–∫—Ä–∞–Ω–æ–≤ Samsung Display –≤–≤–æ–¥—è—Ç 6-–¥–Ω–µ–≤–Ω—É—é 64-—á–∞—Å–æ–≤—É—é —Ä–∞–±–æ—á—É—é –Ω–µ–¥–µ–ª—é –¥–ª—è —Å–≤–æ–∏—Ö –∫–æ–º–∞–Ω–¥.,"–Æ–∂–Ω–æ–∫–æ—Ä–µ–π—Å–∫–∞—è Samsung –∏ –µ—ë –ø–æ–¥—Ä–∞–∑–¥–µ–ª–µ–Ω–∏–µ –ø–æ –ø—Ä–æ–∏–∑–≤–æ–¥—Å—Ç–≤—É —ç–∫—Ä–∞–Ω–æ–≤ Samsung Display –≤–≤–æ–¥—è—Ç 6-–¥–Ω–µ–≤–Ω—É—é 64-—á–∞—Å–æ–≤—É—é —Ä–∞–±–æ—á—É—é –Ω–µ–¥–µ–ª—é –¥–ª—è —Å–≤–æ–∏—Ö –∫–æ–º–∞–Ω–¥.

#Samsung #–†–∞–±–æ—Ç–∞ #–±–∏–∑–Ω–µ—Å",2024-07-02T08:10:11+00:00,–•–∞–±—Ä –ù–æ–≤–æ—Å—Ç–∏,https://t.me/habr_com_news/29056,–ø–æ–ª–∏—Ç–∏–∫–∞,—é–∂–Ω–æ–∫–æ—Ä–µ–π—Å–∫–∞—è samsung –µ—ë –ø–æ–¥—Ä–∞–∑–¥–µ–ª–µ–Ω–∏–µ –ø—Ä–æ–∏–∑–≤–æ–¥—Å—Ç–≤—É —ç–∫—Ä–∞–Ω–æ–≤ samsung display –≤–≤–æ–¥—è—Ç 6–¥–Ω–µ–≤–Ω—É—é 64—á–∞—Å–æ–≤—É—é —Ä–∞–±–æ—á—É—é –Ω–µ–¥–µ–ª—é —Å–≤–æ–∏—Ö –∫–æ–º–∞–Ω–¥ samsung —Ä–∞–±–æ—Ç–∞ –±–∏–∑–Ω–µ—Å,—é–∂–Ω–æ–∫–æ—Ä–µ–π—Å–∫–∞—è samsung –µ—ë –ø–æ–¥—Ä–∞–∑–¥–µ–ª–µ–Ω–∏–µ –ø—Ä–æ–∏–∑–≤–æ–¥—Å—Ç–≤—É —ç–∫—Ä–∞–Ω–æ–≤ samsung display –≤–≤–æ–¥—è—Ç 6–¥–Ω–µ–≤–Ω—É—é 64—á–∞—Å–æ–≤—É—é —Ä–∞–±–æ—á—É—é –Ω–µ–¥–µ–ª—é —Å–≤–æ–∏—Ö –∫–æ–º–∞–Ω–¥ samsung —Ä–∞–±–æ—Ç–∞ –±–∏–∑–Ω–µ—Å –•–∞–±—Ä –ù–æ–≤–æ—Å—Ç–∏,Samsung –≤–≤–æ–¥–∏—Ç 6-–¥–Ω–µ–≤–Ω—É—é —Ä–∞–±–æ—á—É—é –Ω–µ–¥–µ–ª—é –¥–ª—è —Å–≤–æ–∏—Ö –∫–æ–º–∞–Ω–¥
"–í–∏–¥–µ–æ—Ö–æ—Å—Ç–∏–Ω–≥ YouTube –∏–∑–º–µ–Ω–∏–ª –ø—Ä–∞–≤–∏–ª–∞ –ø–ª–æ—â–∞–¥–∫–∏, –ø–æ–∑–≤–æ–ª–∏–≤ –ø–æ–ª—å–∑–æ–≤–∞—Ç–µ–ª—è–º –∑–∞–ø—Ä–∞—à–∏–≤–∞—Ç—å —É–¥–∞–ª–µ–Ω–∏–µ –∫–æ–Ω—Ç–µ–Ω—Ç–∞, —Å–æ–∑–¥–∞–Ω–Ω–æ–≥–æ –ø—Ä–∏ –ø–æ–º–æ—â–∏ –∏—Å–∫—É—Å—Å—Ç–≤–µ–Ω–Ω–æ–≥–æ –∏–Ω—Ç–µ–ª–ª–µ–∫—Ç–∞. –¢–∞–∫–∂–µ –∫–æ–º–ø–∞–Ω–∏—è —Ä–∞–∑—Ä–µ—à–∏–ª–∞ –ø–æ–¥–∞–≤–∞—Ç—å –∑–∞–ø—Ä–æ—Å—ã –Ω–∞ –∏–Ω–æ–π —Å–∏–Ω—Ç–µ—Ç–∏—á–µ—Å–∫–∏–π –∫–æ–Ω—Ç–µ–Ω—Ç, –∫–æ—Ç–æ—Ä—ã–π –∏–º–∏—Ç–∏—Ä—É–µ—Ç –ª–∏—Ü–æ –∏–ª–∏ –≥–æ–ª–æ—Å –ø–æ–ª—å–∑–æ–≤–∞—Ç–µ–ª–µ–π.","–í–∏–¥–µ–æ—Ö–æ—Å—Ç–∏–Ω–≥ YouTube –∏–∑–º–µ–Ω–∏–ª –ø—Ä–∞–≤–∏–ª–∞ –ø–ª–æ—â–∞–¥–∫–∏, –ø–æ–∑–≤–æ–ª–∏–≤ –ø–æ–ª—å–∑–æ–≤–∞—Ç–µ–ª—è–º –∑–∞–ø—Ä–∞—à–∏–≤–∞—Ç—å —É–¥–∞–ª–µ–Ω–∏–µ –∫–æ–Ω—Ç–µ–Ω—Ç–∞, —Å–æ–∑–¥–∞–Ω–Ω–æ–≥–æ –ø—Ä–∏ –ø–æ–º–æ—â–∏ –∏—Å–∫—É—Å—Å—Ç–≤–µ–Ω–Ω–æ–≥–æ –∏–Ω—Ç–µ–ª–ª–µ–∫—Ç–∞. –¢–∞–∫–∂–µ –∫–æ–º–ø–∞–Ω–∏—è —Ä–∞–∑—Ä–µ—à–∏–ª–∞ –ø–æ–¥–∞–≤–∞—Ç—å –∑–∞–ø—Ä–æ—Å—ã –Ω–∞ –∏–Ω–æ–π —Å–∏–Ω—Ç–µ—Ç–∏—á–µ—Å–∫–∏–π –∫–æ–Ω—Ç–µ–Ω—Ç, –∫–æ—Ç–æ—Ä—ã–π –∏–º–∏—Ç–∏—Ä—É–µ—Ç –ª–∏—Ü–æ –∏–ª–∏ –≥–æ–ª–æ—Å –ø–æ–ª—å–∑–æ–≤–∞—Ç–µ–ª–µ–π.

#YouTube #–ò—Å–∫–ò–Ω",2024-07-02T08:40:08+00:00,–•–∞–±—Ä –ù–æ–≤–æ—Å—Ç–∏,https://t.me/habr_com_news/29059,–∏–Ω—Ü–∏–¥–µ–Ω—Ç—ã –∏ –∫–∞—Ç–∞—Å—Ç—Ä–æ—Ñ—ã,–≤–∏–¥–µ–æ—Ö–æ—Å—Ç–∏–Ω–≥ youtube –∏–∑–º–µ–Ω–∏–ª –ø—Ä–∞–≤–∏–ª–∞ –ø–ª–æ—â–∞–¥–∫–∏ –ø–æ–∑–≤–æ–ª–∏–≤ –ø–æ–ª—å–∑–æ–≤–∞—Ç–µ–ª—è–º –∑–∞–ø—Ä–∞—à–∏–≤–∞—Ç—å —É–¥–∞–ª–µ–Ω–∏–µ –∫–æ–Ω—Ç–µ–Ω—Ç–∞ —Å–æ–∑–¥–∞–Ω–Ω–æ–≥–æ –ø–æ–º–æ—â–∏ –∏—Å–∫—É—Å—Å—Ç–≤–µ–Ω–Ω–æ–≥–æ –∏–Ω—Ç–µ–ª–ª–µ–∫—Ç–∞ —Ç–∞–∫–∂–µ –∫–æ–º–ø–∞–Ω–∏—è —Ä–∞–∑—Ä–µ—à–∏–ª–∞ –ø–æ–¥–∞–≤–∞—Ç—å –∑–∞–ø—Ä–æ—Å—ã –∏–Ω–æ–π —Å–∏–Ω—Ç–µ—Ç–∏—á–µ—Å–∫–∏–π –∫–æ–Ω—Ç–µ–Ω—Ç –∫–æ—Ç–æ—Ä—ã–π –∏–º–∏—Ç–∏—Ä—É–µ—Ç –ª–∏—Ü–æ –≥–æ–ª–æ—Å –ø–æ–ª—å–∑–æ–≤–∞—Ç–µ–ª–µ–π youtube –∏—Å–∫–∏–Ω,–≤–∏–¥–µ–æ—Ö–æ—Å—Ç–∏–Ω–≥ youtube –∏–∑–º–µ–Ω–∏–ª –ø—Ä–∞–≤–∏–ª–∞ –ø–ª–æ—â–∞–¥–∫–∏ –ø–æ–∑–≤–æ–ª–∏–≤ –ø–æ–ª—å–∑–æ–≤–∞—Ç–µ–ª—è–º –∑–∞–ø—Ä–∞—à–∏–≤–∞—Ç—å —É–¥–∞–ª–µ–Ω–∏–µ –∫–æ–Ω—Ç–µ–Ω—Ç–∞ —Å–æ–∑–¥–∞–Ω–Ω–æ–≥–æ –ø–æ–º–æ—â–∏ –∏—Å–∫—É—Å—Å—Ç–≤–µ–Ω–Ω–æ–≥–æ –∏–Ω—Ç–µ–ª–ª–µ–∫—Ç–∞ —Ç–∞–∫–∂–µ –∫–æ–º–ø–∞–Ω–∏—è —Ä–∞–∑—Ä–µ—à–∏–ª–∞ –ø–æ–¥–∞–≤–∞—Ç—å –∑–∞–ø—Ä–æ—Å—ã –∏–Ω–æ–π —Å–∏–Ω—Ç–µ—Ç–∏—á–µ—Å–∫–∏–π –∫–æ–Ω—Ç–µ–Ω—Ç –∫–æ—Ç–æ—Ä—ã–π –∏–º–∏—Ç–∏—Ä—É–µ—Ç –ª–∏—Ü–æ –≥–æ–ª–æ—Å –ø–æ–ª—å–∑–æ–≤–∞—Ç–µ–ª–µ–π youtube –∏—Å–∫–∏–Ω –•–∞–±—Ä –ù–æ–≤–æ—Å—Ç–∏,"YouTube –∏–∑–º–µ–Ω–∏–ª –ø—Ä–∞–≤–∏–ª–∞, —á—Ç–æ–±—ã –ø–æ–ª—å–∑–æ–≤–∞—Ç–µ–ª–∏ –º–æ–≥–ª–∏ —É–¥–∞–ª—è—Ç—å –∏—Å–∫—É—Å—Å—Ç–≤–µ–Ω–Ω—ã–π –∫–æ–Ω—Ç–µ–Ω—Ç"
"¬´–Ø–Ω–¥–µ–∫—Å¬ª —Å–æ–æ–±—â–∏–ª, —á—Ç–æ –∫–æ–º–ø–∞–Ω–∏—è —Ä–µ—à–∏–ª–∞ –æ—Å—Ç–∞–≤–∏—Ç—å –ø–æ–ª—å–∑–æ–≤–∞—Ç–µ–ª—è–º –Ω–∞—á–∏—Å–ª–µ–Ω–Ω—ã–π —Å–∏—Å—Ç–µ–º–æ–π ¬´–Ø–Ω–¥–µ–∫—Å –ü—ç–π¬ª –ø–æ –æ—à–∏–±–∫–µ 100% –∫–µ—à–±—ç–∫ –±–∞–ª–ª–∞–º–∏ ¬´–ü–ª—é—Å–∞¬ª –≤–º–µ—Å—Ç–æ —Å—Ç–∞–Ω–¥–∞—Ä—Ç–Ω–æ–≥–æ –ø–æ –∫–∞—Ç–µ–≥–æ—Ä–∏–∏ ¬´–°—É–ø–µ—Ä–º–∞—Ä–∫–µ—Ç—ã¬ª –∏ –Ω–µ–∫–æ—Ç–æ—Ä—ã–µ –¥—Ä—É–≥–∏–µ –ø—Ä–∏ –æ–ø–ª–∞—Ç–µ –∫–∞—Ä—Ç–æ–π ¬´–ü—ç–π¬ª –∑–∞ 1 –∏—é–ª—è.","¬´–Ø–Ω–¥–µ–∫—Å¬ª —Å–æ–æ–±—â–∏–ª, —á—Ç–æ –∫–æ–º–ø–∞–Ω–∏—è —Ä–µ—à–∏–ª–∞ –æ—Å—Ç–∞–≤–∏—Ç—å –ø–æ–ª—å–∑–æ–≤–∞—Ç–µ–ª—è–º –Ω–∞—á–∏—Å–ª–µ–Ω–Ω—ã–π —Å–∏—Å—Ç–µ–º–æ–π ¬´–Ø–Ω–¥–µ–∫—Å –ü—ç–π¬ª –ø–æ –æ—à–∏–±–∫–µ 100% –∫–µ—à–±—ç–∫ –±–∞–ª–ª–∞–º–∏ ¬´–ü–ª—é—Å–∞¬ª –≤–º–µ—Å—Ç–æ —Å—Ç–∞–Ω–¥–∞—Ä—Ç–Ω–æ–≥–æ –ø–æ –∫–∞—Ç–µ–≥–æ—Ä–∏–∏ ¬´–°—É–ø–µ—Ä–º–∞—Ä–∫–µ—Ç—ã¬ª –∏ –Ω–µ–∫–æ—Ç–æ—Ä—ã–µ –¥—Ä—É–≥–∏–µ –ø—Ä–∏ –æ–ø–ª–∞—Ç–µ –∫–∞—Ä—Ç–æ–π ¬´–ü—ç–π¬ª –∑–∞ 1 –∏—é–ª—è.

#–Ø–Ω–¥–µ–∫—Å #–¢–µ—Ö–Ω–∏—á–µ—Å–∫–∏–µ–®–æ–∫–æ–ª–∞–¥–∫–∏",2024-07-02T07:10:20+00:00,–•–∞–±—Ä –ù–æ–≤–æ—Å—Ç–∏,https://t.me/habr_com_news/29050,—Å–ø–æ—Ä—Ç,—è–Ω–¥–µ–∫—Å —Å–æ–æ–±—â–∏–ª –∫–æ–º–ø–∞–Ω–∏—è —Ä–µ—à–∏–ª–∞ –æ—Å—Ç–∞–≤–∏—Ç—å –ø–æ–ª—å–∑–æ–≤–∞—Ç–µ–ª—è–º –Ω–∞—á–∏—Å–ª–µ–Ω–Ω—ã–π —Å–∏—Å—Ç–µ–º–æ–π —è–Ω–¥–µ–∫—Å –ø—ç–π –æ—à–∏–±–∫–µ 100 –∫–µ—à–±—ç–∫ –±–∞–ª–ª–∞–º–∏ –ø–ª—é—Å–∞ –≤–º–µ—Å—Ç–æ —Å—Ç–∞–Ω–¥–∞—Ä—Ç–Ω–æ–≥–æ –∫–∞—Ç–µ–≥–æ—Ä–∏–∏ —Å—É–ø–µ—Ä–º–∞—Ä–∫–µ—Ç—ã –Ω–µ–∫–æ—Ç–æ—Ä—ã–µ –¥—Ä—É–≥–∏–µ –æ–ø–ª–∞—Ç–µ –∫–∞—Ä—Ç–æ–π –ø—ç–π 1 –∏—é–ª—è —è–Ω–¥–µ–∫—Å —Ç–µ—Ö–Ω–∏—á–µ—Å–∫–∏–µ—à–æ–∫–æ–ª–∞–¥–∫–∏,—è–Ω–¥–µ–∫—Å —Å–æ–æ–±—â–∏–ª –∫–æ–º–ø–∞–Ω–∏—è —Ä–µ—à–∏–ª–∞ –æ—Å—Ç–∞–≤–∏—Ç—å –ø–æ–ª—å–∑–æ–≤–∞—Ç–µ–ª—è–º –Ω–∞—á–∏—Å–ª–µ–Ω–Ω—ã–π —Å–∏—Å—Ç–µ–º–æ–π —è–Ω–¥–µ–∫—Å –ø—ç–π –æ—à–∏–±–∫–µ 100 –∫–µ—à–±—ç–∫ –±–∞–ª–ª–∞–º–∏ –ø–ª—é—Å–∞ –≤–º–µ—Å—Ç–æ —Å—Ç–∞–Ω–¥–∞—Ä—Ç–Ω–æ–≥–æ –∫–∞—Ç–µ–≥–æ—Ä–∏–∏ —Å—É–ø–µ—Ä–º–∞—Ä–∫–µ—Ç—ã –Ω–µ–∫–æ—Ç–æ—Ä—ã–µ –¥—Ä—É–≥–∏–µ –æ–ø–ª–∞—Ç–µ –∫–∞—Ä—Ç–æ–π –ø—ç–π 1 –∏—é–ª—è —è–Ω–¥–µ–∫—Å —Ç–µ—Ö–Ω–∏—á–µ—Å–∫–∏–µ—à–æ–∫–æ–ª–∞–¥–∫–∏ –•–∞–±—Ä –ù–æ–≤–æ—Å—Ç–∏,–Ø–Ω–¥–µ–∫—Å —Ä–µ—à–∏–ª –æ—Å—Ç–∞–≤–∏—Ç—å –ø–æ–ª—å–∑–æ–≤–∞—Ç–µ–ª—è–º –Ω–∞—á–∏—Å–ª–µ–Ω–Ω—ã–π —Å–∏—Å—Ç–µ–º–æ–π –∫–µ—à–±—ç–∫ –±–∞–ª–ª–∞–º–∏ ¬´–ü–ª—é—Å–∞¬ª –≤–º–µ—Å—Ç–æ —Å—Ç–∞–Ω–¥–∞—Ä—Ç–Ω–æ–≥–æ –ø–æ –∫–∞—Ç–µ–≥–æ—Ä–∏–∏ ¬´–°—É–ø–µ—Ä–º–∞—Ä–∫–µ—Ç—ã¬ª –∏ –Ω–µ–∫–æ—Ç–æ—Ä—ã–µ –¥—Ä—É–≥–∏–µ –ø—Ä–∏ –æ–ø–ª–∞—Ç–µ –∫–∞—Ä—Ç–æ–π ¬´–ü—ç–π¬ª –∑–∞ 1 –∏—é–ª—è
