Title,Content,Published At,Source,URL,Category
No Title,,2024-07-02T22:08:30+00:00,Machinelearning,https://t.me/ai_machinelearning_big_data/4952,
üî•ESPNet XEUS  - –Ω–æ–≤–∞—è SoTA —Ä–∞—Å–ø–æ–∑–Ω–∞–≤–∞–Ω–∏—è —Ä–µ—á–∏.,"üî•ESPNet XEUS  - –Ω–æ–≤–∞—è SoTA —Ä–∞—Å–ø–æ–∑–Ω–∞–≤–∞–Ω–∏—è —Ä–µ—á–∏.

–ú—É–ª—å—Ç–∏—è–∑—ã—á–Ω–∞—è  –º–æ–¥–µ–ª—å —Ä–∞—Å–ø–æ–∑–Ω–∞–≤–∞–Ω–∏—è —Ä–µ—á–∏ –∏ –ø–µ—Ä–µ–≤–æ–¥–∞ –æ—Ç –£–Ω–∏–≤–µ—Ä—Å–∏—Ç–µ—Ç–∞ –ö–∞—Ä–Ω–µ–≥–∏-–ú–µ–ª–ª–æ–Ω–∞, –∫–æ—Ç–æ—Ä–∞—è –æ–±—É—á–µ–Ω–∞ –±–æ–ª–µ–µ —á–µ–º 4000 —è–∑—ã–∫–∞–º! üî•

> –õ–∏—Ü–µ–Ω–∑–∏—è MIT  
> 577 –º–∏–ª–ª–∏–æ–Ω–æ–≤ –ø–∞—Ä–∞–º–µ—Ç—Ä–æ–≤.
>  –ü—Ä–µ–≤–æ—Å—Ö–æ–¥–∏—Ç MMS 1B –∏ w2v-BERT v2 2.0
> –ê—Ä—Ö–∏—Ç–µ–∫—Ç—É—Ä–∞ E-Branchformer
> –î–∞—Ç–∞—Å–µ—Ç 8900 —á–∞—Å–æ–≤ –∞—É–¥–∏–æ–∑–∞–ø–∏—Å–µ–π –Ω–∞ –±–æ–ª–µ–µ —á–µ–º 4023 —è–∑—ã–∫–∞—Ö

git lfs install
git clone https://huggingface.co/espnet/XEUS

‚ñ™ HF: https://huggingface.co/espnet/xeus
‚ñ™ Dataset: https://huggingface.co/datasets/espnet/mms_ulab_v2

@ai_machinelearning_big_data",2024-07-02T22:08:30+00:00,Machinelearning,https://t.me/ai_machinelearning_big_data/4951,
üî• Microsoft –Ω–µ–∑–∞–º–µ—Ç–Ω–æ –æ–±–Ω–æ–≤–∏–ª–∞ Phi-3 Mini,"üî• Microsoft –Ω–µ–∑–∞–º–µ—Ç–Ω–æ –æ–±–Ω–æ–≤–∏–ª–∞ Phi-3 Mini

 ‚Äî –∑–Ω–∞—á–∏—Ç–µ–ª—å–Ω–æ —É–ª—É—á—à–µ–Ω–æ –ø–æ–Ω–∏–º–∞–Ω–∏–µ –∫–æ–¥–∞ –Ω–∞ Python, C++, Rust –∏ Typescript
 ‚Äî —É–ª—É—á—à–µ–Ω –≤—ã–≤–æ–¥, —Ç–µ–ø–µ—Ä—å –æ–Ω –±–æ–ª–µ–µ —Å—Ç—Ä—É–∫—Ç—É—Ä–∏—Ä–æ–≤–∞–Ω–Ω—ã–π
 ‚Äî —É–ª—É—á—à–µ–Ω–æ –ø–æ–Ω–∏–º–∞–Ω–∏–µ —Å–ª–æ–∂–Ω—ã—Ö –ø—Ä–µ–¥–ª–æ–∂–µ–Ω–∏–π
 ‚Äî –¥–æ–±–∞–≤–ª–µ–Ω–∞ –ø–æ–¥–¥–µ—Ä–∂–∫–∞ —Ç–µ–≥–∞ <|system|>.
 ‚Äî —É–ª—É—á—à–µ–Ω–∞ —Å–ø–æ—Å–æ–±–Ω–æ—Å—Ç—å –∫ —Ä–∞—Å—Å—É–∂–¥–µ–Ω–∏—é –∏ –ø–æ–Ω–∏–º–∞–Ω–∏–µ –¥–ª–∏–Ω–Ω–æ–≥–æ –∫–æ–Ω—Ç–µ–∫—Å—Ç–∞

–≠—Ç–æ –æ–±–Ω–æ–≤–ª–µ–Ω–∏–µ –∫–æ—Å–Ω—É–ª–æ—Å—å –∫–æ–Ω—Ç—Ä–æ–ª—å–Ω—ã—Ö —Ç–æ—á–µ–∫ 4K –∏ 128K 

ü§ó Hugging Face

@ai_machinelearning_big_data",2024-07-02T13:32:16+00:00,Machinelearning,https://t.me/ai_machinelearning_big_data/4950,
–°–±–µ—Ä–¢–µ—Ö –ø—Ä–µ–¥—Å—Ç–∞–≤–∏–ª –∑–∞–º–µ–Ω—É IntelliJ IDEA ‚Äì —Å—Ä–µ–¥—É —Ä–∞–∑—Ä–∞–±–æ—Ç–∫–∏ GIGA IDE,"–°–±–µ—Ä–¢–µ—Ö –ø—Ä–µ–¥—Å—Ç–∞–≤–∏–ª –∑–∞–º–µ–Ω—É IntelliJ IDEA ‚Äì —Å—Ä–µ–¥—É —Ä–∞–∑—Ä–∞–±–æ—Ç–∫–∏ GIGA IDE
 
1 –∏—é–ª—è JetBrains –æ—Ç–∫–ª—é—á–∏–ª–∞ —Ä–æ—Å—Å–∏—è–Ω–∞–º –≤–æ–∑–º–æ–∂–Ω–æ—Å—Ç—å —Å–∫–∞—á–∏–≤–∞—Ç—å –æ–¥–Ω—É –∏–∑ —Å–∞–º—ã—Ö –∏–∑–≤–µ—Å—Ç–Ω—ã—Ö —Å—Ä–µ–¥ —Ä–∞–∑—Ä–∞–±–æ—Ç–∫–∏ –Ω–∞ Java ‚Äì IntelliJ IDEA, —á—Ç–æ –∑–∞—Å—Ç–∞–≤–∏–ª–æ –º–Ω–æ–≥–∏—Ö —Ä–∞–∑—Ä–∞–±–æ—Ç—á–∏–∫–æ–≤ –ø–æ–±–µ—Å–ø–æ–∫–æ–∏—Ç—å—Å—è. –ù–æ –°–±–µ—Ä–¢–µ—Ö –ø—Ä–µ–¥—Å—Ç–∞–≤–∏–ª —Ä–µ—à–µ–Ω–∏–µ - —Ä–æ—Å—Å–∏–π—Å–∫—É—é —Å—Ä–µ–¥—É —Ä–∞–∑—Ä–∞–±–æ—Ç–∫–∏ GIGA IDE, –∫–æ—Ç–æ—Ä–∞—è –º–æ–∂–µ—Ç —Å—Ç–∞—Ç—å –∑–∞–º–µ–Ω–æ–π —É—à–µ–¥—à–µ–π —Å—Ä–µ–¥–µ.
 
GIGA IDE –ø–æ–∑–≤–æ–ª—è–µ—Ç –≤–µ—Å—Ç–∏ —Ä–∞–∑—Ä–∞–±–æ—Ç–∫—É –Ω–∞ –ø–æ–ø—É–ª—è—Ä–Ω—ã—Ö —è–∑—ã–∫–∞—Ö –ø—Ä–æ–≥—Ä–∞–º–º–∏—Ä–æ–≤–∞–Ω–∏—è, –æ–±–µ—Å–ø–µ—á–∏–≤–∞–µ—Ç —Å–æ–≤–º–µ—Å—Ç–∏–º–æ—Å—Ç—å —Å –≤–æ—Å—Ç—Ä–µ–±–æ–≤–∞–Ω–Ω—ã–º–∏ –ø–ª–∞–≥–∏–Ω–∞–º–∏, –∞ –≤—Å—Ç—Ä–æ–µ–Ω–Ω—ã–π –≤ —Å—Ä–µ–¥—É AI-–∞—Å—Å–∏—Å—Ç–µ–Ω—Ç GIGA CODE –ø–æ–∑–≤–æ–ª—è–µ—Ç –ø–∏—Å–∞—Ç—å –∫–æ–¥ –¥–æ 25% –±—ã—Å—Ç—Ä–µ–µ.
 
- GIGA IDE Desktop ‚Äì —ç—Ç–æ –∏–Ω—Ç–µ–≥—Ä–∏—Ä–æ–≤–∞–Ω–Ω–∞—è —Å—Ä–µ–¥–∞ —Ä–∞–∑—Ä–∞–±–æ—Ç–∫–∏, –∫–æ—Ç–æ—Ä–∞—è –≤–∫–ª—é—á–∞–µ—Ç 70 –∏–Ω—Å—Ç—Ä—É–º–µ–Ω—Ç–æ–≤ –¥–ª—è –æ–±–ª–µ–≥—á–µ–Ω–∏—è –∑–∞–¥–∞—á —Ä–∞–∑—Ä–∞–±–æ—Ç–∫–∏, –∞–≤—Ç–æ–º–∞—Ç–∏–∑–∞—Ü–∏–∏ —Ç–µ—Å—Ç–∏—Ä–æ–≤–∞–Ω–∏—è –∏ –∞–¥–º–∏–Ω–∏—Å—Ç—Ä–∏—Ä–æ–≤–∞–Ω–∏—è –ø—Ä–∏–ª–æ–∂–µ–Ω–∏–π. –†–∞–∑—Ä–∞–±–æ—Ç—á–∏–∫–∏ —É–∂–µ –º–æ–≥—É—Ç —Å–∫–∞—á–∞—Ç—å GIGA IDE Desktop –Ω–∞ –ø–ª–∞—Ç—Ñ–æ—Ä–º–µ GitVerse.
 
- GIGA IDE Cloud –ø–æ–∑–≤–æ–ª–∏—Ç –≤–µ—Å—Ç–∏ —Ä–∞–∑—Ä–∞–±–æ—Ç–∫—É –≤ –æ–±–ª–∞–∫–µ, —Ä–∞—Å—à–∏—Ä–∏–≤ –≤–æ–∑–º–æ–∂–Ω–æ—Å—Ç–∏ —É—Å—Ç—Ä–æ–π—Å—Ç–≤–∞ –¥–æ–ø–æ–ª–Ω–∏—Ç–µ–ª—å–Ω—ã–º–∏ –æ–±–ª–∞—á–Ω—ã–º–∏ —Ä–µ—Å—É—Ä—Å–∞–º–∏. –ß—Ç–æ–±—ã –ø–µ—Ä–≤—ã–º–∏ –ø–æ–ª—É—á–∏—Ç—å –¥–æ—Å—Ç—É–ø –∫ GIGA IDE Cloud ‚Äì —Ä–µ–≥–∏—Å—Ç—Ä–∏—Ä—É–π—Ç–µ—Å—å –Ω–∞ –ø–ª–∞—Ç—Ñ–æ—Ä–º–µ GitVerse –Ω–∞ —Ä–∞–Ω–Ω–µ–µ —Ç–µ—Å—Ç–∏—Ä–æ–≤–∞–Ω–∏–µ.
 
*AI (Artificial Intelligence) - ¬´–∏—Å–∫—É—Å—Å—Ç–≤–µ–Ω–Ω—ã–π –∏–Ω—Ç–µ–ª–ª–µ–∫—Ç¬ª",2024-07-02T11:33:16+00:00,Machinelearning,https://t.me/ai_machinelearning_big_data/4949,
No Title,,2024-07-02T09:12:42+00:00,Machinelearning,https://t.me/ai_machinelearning_big_data/4948,
No Title,,2024-07-02T09:12:42+00:00,Machinelearning,https://t.me/ai_machinelearning_big_data/4947,
No Title,,2024-07-02T09:12:42+00:00,Machinelearning,https://t.me/ai_machinelearning_big_data/4946,
üåü Paint by Inpaint ‚Äî  –≤—ã—Å–æ–∫–æ—Ç–æ—á–Ω—ã–π Instruct pix2pix –ø–æ —Ç–µ–∫—Å—Ç–æ–≤–æ–º—É –∑–∞–ø—Ä–æ—Å—É.,"üåü Paint by Inpaint ‚Äî  –≤—ã—Å–æ–∫–æ—Ç–æ—á–Ω—ã–π Instruct pix2pix –ø–æ —Ç–µ–∫—Å—Ç–æ–≤–æ–º—É –∑–∞–ø—Ä–æ—Å—É.

Navve Wasserman —Å –∫–æ–ª–ª–µ–≥–∞–º–∏ –ø—Ä–µ–¥—Å—Ç–∞–≤–∏–ª–∏ —É–ª—É—á—à–µ–Ω–Ω—ã–π –≤–∞—Ä–∏–∞–Ω—Ç Instruct pix2pix  - ""Paint by Inpaint"". –ú–µ—Ç–æ–¥–∏–∫–∞ —É–ª—É—á—à–µ–Ω–∏—è:

 ‚Äî –±—ã–ª —Å–æ–∑–¥–∞–Ω –∫–æ–Ω–≤–µ–π–µ—Ä –æ–±—Ä–∞–±–æ—Ç–∫–∏ –∏–∑–æ–±—Ä–∞–∂–µ–Ω–∏–π, –∫–æ—Ç–æ—Ä—ã–π —Å –ø–æ–º–æ—â—å—é –º–æ–¥–µ–ª–∏ inpaint  –¥–æ–±–∞–≤–ª—è–ª –æ–±—ä–µ–∫—Ç—ã –Ω–∞ –∏–∑–æ–±—Ä–∞–∂–µ–Ω–∏—è. –ó–∞—Ç–µ–º, —Å—Ä–∞–≤–Ω–∏–≤–∞—è –∏—Å—Ö–æ–¥–Ω–æ–µ –∏–∑–æ–±—Ä–∞–∂–µ–Ω–∏–µ —Å –ø–æ–ª—É—á–µ–Ω–Ω—ã–º, –≤—ã—á–∏—Ç–∞–ª–∞—Å—å —Ä–∞–∑–Ω–∏—Ü–∞ ‚Äî —Ç–∞–∫ –ø–æ–ª—É—á–∏–ª—Å—è –¥–∞—Ç–∞—Å–µ—Ç PIPE 

 ‚Äî  –¥–∞—Ç–∞—Å–µ—Ç PIPE –±—ã–ª –∞–Ω–Ω–æ—Ç–∏—Ä–æ–≤–∞–Ω –±–æ–ª—å—à–æ–π –º–æ–¥–µ–ª—å—é VLM –∏ –æ–±—Ä–∞–±–æ—Ç–∞–Ω –¥–ª—è —É—Å—Ç—Ä–∞–Ω–µ–Ω–∏—è –∞—Ä—Ç–µ—Ñ–∞–∫—Ç–æ–≤ –º–∞—Å–∫–∏—Ä–æ–≤–∞–Ω—è –æ–±—ä–µ–∫—Ç–æ–≤  ‚Äî —Ç–∞–∫ –ø–æ–ª—É—á–∏–ª—Å—è –Ω–∞–±–æ—Ä –≤—ã—Å–æ–∫–æ–¥–µ—Ç–∞–ª–∏–∑–∏—Ä–æ–≤–∞–Ω–Ω—ã—Ö –æ–±—ä–µ–∫—Ç–æ–≤ –¥–ª—è –≤—ã—á–∏—Ç–∞–Ω–∏—è

 ‚Äî —ç—Ç–∏ –¥–≤–∞ –ø—Ä–æ—Ç–∏–≤–æ–ø–æ–ª–æ–∂–Ω—ã—Ö –ø—Ä–æ—Ü–µ—Å—Å–∞:  —É–¥–∞–ª–µ–Ω–∏–µ –∏ –¥–æ–±–∞–≤–ª–µ–Ω–∏–µ –æ–±—ä–µ–∫—Ç–æ–≤ —Å–æ–≤–º–µ—Å—Ç–∏–ª–∏, –ø—Ä–∏–º–º–µ–Ω—è –∫–æ–Ω—Ç—Ä–æ–ª—å –±–æ–ª—å—à–µ–π —Ç–æ—á–Ω–æ—Å—Ç—å—é (–∞–Ω–∞–ª–æ–≥–∏—á–Ω–æ GAN), –≤ —Ä–µ–∑—É–ª—å—Ç–∞—Ç–µ —á–µ–≥–æ –±—ã–ª–∞ –ø–æ–ª—É—á–µ–Ω–∞ –º–æ–¥–µ–ª—å, –æ—á–µ–Ω—å —Ç–æ—á–Ω–æ –¥–æ–±–∞–≤–ª—è—é—â–∞—è –æ–±—ä–µ–∫—Ç—ã –Ω–∞ –∏–∑–æ–±—Ä–∞–∂–µ–Ω–∏—è –ø–æ —Ç–µ–∫—Å—Ç–æ–≤–æ–º—É –∑–∞–ø—Ä–æ—Å—É.

–ü—Ä–µ–¥–æ–±—É—á–µ–Ω–Ω—ã–µ –º–æ–¥–µ–ª–∏ Paint-By-Inpaint:

 - addition-base-model - –±–∞–∑–æ–≤–æ–µ –¥–æ–±–∞–≤–ª–µ–Ω–∏–µ –æ–±—ä–µ–∫—Ç–æ–≤
 - addition-finetuned-model - —Ñ–∞–π–Ω—Ç—é–Ω –Ω–∞ –¥–∞—Ç–∞—Å–µ—Ç–µ MagicBrush
 - general-base-model - —É–¥–∞–ª–µ–Ω–∏–µ –∏ –¥–æ–±–∞–≤–ª–µ–Ω–∏–µ –æ–±—ä–µ–∫—Ç–æ–≤
 - general-finetuned-model - —Ñ–∞–π–Ω—Ç—é–Ω –Ω–∞ –¥–∞—Ç–∞—Å–µ—Ç–µ MagicBrush

–î–∞—Ç–∞—Å–µ—Ç PIPE –¥–ª—è –æ–±—É—á–µ–Ω–∏—è –∏ —Ç–µ—Å—Ç–∏—Ä–æ–≤–∞–Ω–∏—è –Ω–∞ HuggingFace

–ü—Ä–∏–º–µ—Ä –∑–∞–≥—Ä—É–∑–∫–∏ —Ç–µ—Å—Ç–æ–≤–æ–≥–æ –Ω–∞–±–æ—Ä–∞:

from datasets import load_dataset
from torch.utils.data import DataLoader
from dataset.dataset import PIPE_Dataset

data_files = {""train"": ""data/train-*"", ""test"": ""data/test-*""}
pipe_dataset  = load_dataset('paint-by-inpaint/PIPE',data_files=data_files)

train_dataset = PIPE_Dataset(pipe_dataset, split='train')
train_dataloader = DataLoader(train_dataset, batch_size=32, shuffle=True)

test_dataset = PIPE_Dataset(pipe_dataset, split='test')
test_dataloader = DataLoader(test_dataset, batch_size=1, shuffle=True)

‚ñ™ –°—Ç—Ä–∞–Ω–∏—Ü–∞ –ø—Ä–æ–µ–∫—Ç–∞ Paint by Inpaint
‚ñ™ Paper
‚ñ™ Demo
‚ñ™ GitHub


@ai_machinelearning_big_data",2024-07-02T09:12:42+00:00,Machinelearning,https://t.me/ai_machinelearning_big_data/4945,
